timestamp,symbol,open,high,low,close,volume
2021-01-04 15:30:00+00:00,SPY,375.31,375.44,364.82,367.96,5149346.0
2021-01-04 19:30:00+00:00,SPY,367.95,369.5,366.6,368.83,5483172.0
2021-01-05 15:30:00+00:00,SPY,368.1,370.92,368.1,370.4,2378592.0
2021-01-05 19:30:00+00:00,SPY,370.4,372.49,370.38,371.32,2983052.0
2021-01-06 15:30:00+00:00,SPY,369.71,376.97,369.12,376.13,3969119.0
2021-01-06 19:30:00+00:00,SPY,376.15,376.98,372.83,373.53,6604562.0
2021-01-07 15:30:00+00:00,SPY,376.1,379.85,375.92,378.48,3458889.0
2021-01-07 19:30:00+00:00,SPY,378.51,379.9,378.49,379.08,2573674.0
2021-01-08 15:30:00+00:00,SPY,380.59,381.21,377.81,378.68,2363162.0
2021-01-08 19:30:00+00:00,SPY,378.67,381.46,377.11,381.24,4396521.0
2021-01-11 15:30:00+00:00,SPY,377.85,380.57,377.72,379.74,2021220.0
2021-01-11 19:30:00+00:00,SPY,379.73,379.81,378.12,378.74,2403346.0
2021-01-12 15:30:00+00:00,SPY,378.89,379.85,376.38,378.55,2365877.0
2021-01-12 19:30:00+00:00,SPY,378.53,379.45,378.18,378.81,2120812.0
2021-01-13 15:30:00+00:00,SPY,378.69,380.36,377.86,380.21,1694870.0
2021-01-13 19:30:00+00:00,SPY,380.21,380.86,379.62,379.75,2137250.0
2021-01-14 15:30:00+00:00,SPY,380.58,381.13,379.84,380.28,1615787.0
2021-01-14 19:30:00+00:00,SPY,380.3,380.61,378.1,378.45,2401793.0
2021-01-15 15:30:00+00:00,SPY,376.72,377.58,373.73,376.96,3849216.0
2021-01-15 19:30:00+00:00,SPY,376.94,377.22,375.41,375.7,2758950.0
2021-01-19 15:30:00+00:00,SPY,378.34,379.02,376.75,378.73,1713243.0
2021-01-19 19:30:00+00:00,SPY,378.72,379.23,378.53,378.64,1720410.0
2021-01-20 15:30:00+00:00,SPY,381.11,384.18,380.72,383.98,2349071.0
2021-01-20 19:30:00+00:00,SPY,383.99,384.79,383.41,383.85,1825536.0
2021-01-21 15:30:00+00:00,SPY,384.47,384.95,383.25,384.11,1604155.0
2021-01-21 19:30:00+00:00,SPY,384.12,384.93,384.04,384.2,1393931.0
2021-01-22 15:30:00+00:00,SPY,382.25,383.83,381.85,383.43,1799874.0
2021-01-22 19:30:00+00:00,SPY,383.43,384.07,382.8,382.85,1548830.0
2021-01-25 15:30:00+00:00,SPY,383.67,384.765,378.48,383.65,4559013.0
2021-01-25 19:30:00+00:00,SPY,383.68,384.49,382.44,384.39,2008900.0
2021-01-26 15:30:00+00:00,SPY,385.41,385.84,383.58,384.41,1970972.0
2021-01-26 19:30:00+00:00,SPY,384.41,384.96,383.54,383.79,1521478.0
2021-01-27 15:30:00+00:00,SPY,380.2,380.29,375.64,378.49,5456175.0
2021-01-27 19:30:00+00:00,SPY,378.47,378.57,372.01,374.45,6496871.0
2021-01-28 15:30:00+00:00,SPY,376.36,381.85,375.89,381.21,4601323.0
2021-01-28 19:30:00+00:00,SPY,381.31,381.93,377.26,377.63,3200778.0
2021-01-29 15:30:00+00:00,SPY,375.63,376.67,368.29,370.86,6005424.0
2021-01-29 19:30:00+00:00,SPY,370.86,373.18,369.55,370.13,5860819.0
2021-02-01 15:30:00+00:00,SPY,373.72,376.56,371.42,376.37,3106053.0
2021-02-01 19:30:00+00:00,SPY,376.38,377.34,375.83,376.19,2649154.0
2021-02-02 15:30:00+00:00,SPY,379.6,383.22,379.6,382.42,2908047.0
2021-02-02 19:30:00+00:00,SPY,382.46,383.14,381.38,381.54,2625753.0
2021-02-03 15:30:00+00:00,SPY,382.44,383.08,380.49,382.92,2648768.0
2021-02-03 19:30:00+00:00,SPY,382.9,383.69,381.85,381.86,2140969.0
2021-02-04 15:30:00+00:00,SPY,382.96,385.23,382.78,385.14,2130985.0
2021-02-04 19:30:00+00:00,SPY,385.13,386.24,384.97,386.18,1751743.0
2021-02-05 15:30:00+00:00,SPY,388.2,388.45,386.49,388.05,2017542.0
2021-02-05 19:30:00+00:00,SPY,388.05,388.1,387.19,387.67,1481462.0
2021-02-08 15:30:00+00:00,SPY,389.27,389.94,388.35,389.05,1721285.0
2021-02-08 19:30:00+00:00,SPY,389.04,390.54,388.59,390.52,1484209.0
2021-02-09 15:30:00+00:00,SPY,389.61,390.81,389.17,390.22,1531882.0
2021-02-09 19:30:00+00:00,SPY,390.21,390.89,389.89,390.25,1279638.0
2021-02-10 15:30:00+00:00,SPY,392.11,392.27,387.51,389.88,3809236.0
2021-02-10 19:30:00+00:00,SPY,389.9,391.06,389.39,390.09,2051323.0
2021-02-11 15:30:00+00:00,SPY,391.24,391.69,388.11,389.7,2119845.0
2021-02-11 19:30:00+00:00,SPY,389.69,390.98,388.81,390.73,1663401.0
2021-02-12 15:30:00+00:00,SPY,389.85,391.62,389.78,390.945,1522369.0
2021-02-12 19:30:00+00:00,SPY,390.945,392.89,390.55,392.7,2444066.0
2021-02-16 15:30:00+00:00,SPY,393.96,394.16,391.53,392.95,2891355.0
2021-02-16 19:30:00+00:00,SPY,392.87,393.29,392.01,392.35,1803397.0
2021-02-17 15:30:00+00:00,SPY,390.42,391.71,389.33,391.545,3194198.0
2021-02-17 19:30:00+00:00,SPY,391.54,392.64,391.18,392.45,1463470.0
2021-02-18 15:30:00+00:00,SPY,389.59,390.42,387.75,390.24,3271285.0
2021-02-18 19:30:00+00:00,SPY,390.26,391.51,390.15,390.76,2024567.0
2021-02-19 15:30:00+00:00,SPY,392.07,392.38,389.85,390.4,2673455.0
2021-02-19 19:30:00+00:00,SPY,390.38,391.05,389.55,390.03,2735332.0
2021-02-22 15:30:00+00:00,SPY,387.06,389.23,386.755,389.23,2978152.0
2021-02-22 19:30:00+00:00,SPY,389.23,389.62,386.84,387.1,2739459.0
2021-02-23 15:30:00+00:00,SPY,384.66,386.13,380.2,385.08,8130372.0
2021-02-23 19:30:00+00:00,SPY,385.1,388.94,384.43,387.51,3782892.0
2021-02-24 15:30:00+00:00,SPY,386.33,391.45,385.28,391.4,4231055.0
2021-02-24 19:30:00+00:00,SPY,391.42,392.22,390.99,391.76,2548143.0
2021-02-25 15:30:00+00:00,SPY,390.4,391.87,381.77,384.54,11738386.0
2021-02-25 19:30:00+00:00,SPY,384.54,386.67,380.78,382.39,6133018.0
2021-02-26 15:30:00+00:00,SPY,384.35,385.57,378.23,384.52,8811016.0
2021-02-26 19:30:00+00:00,SPY,384.54,384.8,380.2,380.32,5741083.0
2021-03-01 15:30:00+00:00,SPY,385.59,389.67,385.58,389.03,5876415.0
2021-03-01 19:30:00+00:00,SPY,389.02,390.92,389.0,389.48,3508736.0
2021-03-02 15:30:00+00:00,SPY,389.82,390.06,386.59,389.11,4363896.0
2021-03-02 19:30:00+00:00,SPY,389.08,389.735,386.31,386.55,2377214.0
2021-03-03 15:30:00+00:00,SPY,385.79,386.83,383.13,385.43,7277120.0
2021-03-03 19:30:00+00:00,SPY,385.42,385.42,381.31,381.46,6355825.0
2021-03-04 15:30:00+00:00,SPY,381.22,383.99,375.04,376.81,13968042.0
2021-03-04 19:30:00+00:00,SPY,376.77,377.48,371.88,376.73,11247589.0
2021-03-05 15:30:00+00:00,SPY,380.44,380.97,372.65,380.83,8388563.0
2021-03-05 19:30:00+00:00,SPY,380.82,384.76,379.92,383.62,5045547.0
2021-03-08 15:30:00+00:00,SPY,384.66,387.68,382.79,387.32,7093463.0
2021-03-08 19:30:00+00:00,SPY,387.32,387.4,381.42,381.76,4906380.0
2021-03-09 15:30:00+00:00,SPY,385.85,389.84,385.32,389.4,5202727.0
2021-03-09 19:30:00+00:00,SPY,389.4,389.91,386.85,387.11,3890600.0
2021-03-10 15:30:00+00:00,SPY,389.67,390.92,388.18,390.38,8488793.0
2021-03-10 19:30:00+00:00,SPY,390.39,391.4,389.21,389.52,4089735.0
2021-03-11 15:30:00+00:00,SPY,392.23,395.65,391.75,394.81,4040259.0
2021-03-11 19:30:00+00:00,SPY,394.84,395.13,393.29,393.48,2843114.0
2021-03-12 15:30:00+00:00,SPY,392.07,393.26,391.2,393.05,4117486.0
2021-03-12 19:30:00+00:00,SPY,393.05,394.21,392.62,394.09,1692833.0
2021-03-15 14:30:00+00:00,SPY,394.33,394.67,392.04,394.16,3608555.0
2021-03-15 18:30:00+00:00,SPY,394.15,396.68,394.1,396.48,2628163.0
2021-03-16 14:30:00+00:00,SPY,397.07,397.83,396.04,396.98,3142924.0
2021-03-16 18:30:00+00:00,SPY,396.98,397.02,395.08,395.93,3843480.0
2021-03-17 14:30:00+00:00,SPY,394.54,394.97,393.3,394.24,3501870.0
2021-03-17 18:30:00+00:00,SPY,394.27,398.11,393.7,397.23,5597069.0
2021-03-18 14:30:00+00:00,SPY,394.47,396.7,394.02,395.6,4032818.0
2021-03-18 18:30:00+00:00,SPY,395.59,396.12,390.86,391.44,5400458.0
2021-03-19 14:30:00+00:00,SPY,389.88,391.18,387.15,390.94,5490500.0
2021-03-19 18:30:00+00:00,SPY,390.97,391.56,389.42,389.51,3727336.0
2021-03-22 14:30:00+00:00,SPY,390.03,393.23,389.98,392.99,2973021.0
2021-03-22 18:30:00+00:00,SPY,393.02,394.06,392.39,392.54,2325083.0
2021-03-23 14:30:00+00:00,SPY,391.91,393.45,391.24,392.98,3463791.0
2021-03-23 18:30:00+00:00,SPY,392.97,393.02,388.66,389.5,4756317.0
2021-03-24 14:30:00+00:00,SPY,391.0,392.74,389.99,390.75,4170349.0
2021-03-24 18:30:00+00:00,SPY,390.76,391.42,387.49,387.49,4097718.0
2021-03-25 14:30:00+00:00,SPY,385.98,388.73,383.91,387.78,6881037.0
2021-03-25 18:30:00+00:00,SPY,387.82,390.53,386.6,389.65,3330351.0
2021-03-26 14:30:00+00:00,SPY,390.95,392.98,390.58,392.8,3481345.0
2021-03-26 18:30:00+00:00,SPY,392.81,396.41,390.29,395.94,5129935.0
2021-03-29 15:30:00+00:00,SPY,394.4,396.52,392.82,395.67,5821887.0
2021-03-29 19:30:00+00:00,SPY,395.66,396.74,394.9,395.77,4450925.0
2021-03-30 15:30:00+00:00,SPY,394.42,394.935,393.04,394.17,3704505.0
2021-03-30 19:30:00+00:00,SPY,394.18,395.43,393.42,394.79,2931410.0
2021-03-31 15:30:00+00:00,SPY,395.34,397.98,395.34,397.83,3002315.0
2021-03-31 19:30:00+00:00,SPY,397.83,397.99,396.02,396.27,5200140.0
2021-04-01 15:30:00+00:00,SPY,398.4,399.84,398.22,399.39,3409551.0
2021-04-01 19:30:00+00:00,SPY,399.39,400.67,399.35,400.53,2024653.0
2021-04-05 15:30:00+00:00,SPY,403.46,406.94,403.38,406.26,3770927.0
2021-04-05 19:30:00+00:00,SPY,406.27,406.83,405.76,406.31,2962830.0
2021-04-06 15:30:00+00:00,SPY,405.76,407.23,405.52,406.06,2610247.0
2021-04-06 19:30:00+00:00,SPY,406.01,406.825,405.42,406.08,2492335.0
2021-04-07 15:30:00+00:00,SPY,405.97,406.95,405.46,406.05,2178898.0
2021-04-07 19:30:00+00:00,SPY,406.02,406.91,405.76,406.58,2149001.0
2021-04-08 15:30:00+00:00,SPY,407.93,408.38,406.94,408.1,2544050.0
2021-04-08 19:30:00+00:00,SPY,408.11,408.575,407.84,408.49,1717543.0
2021-04-09 15:30:00+00:00,SPY,408.39,409.54,408.27,409.45,2352642.0
2021-04-09 19:30:00+00:00,SPY,409.45,411.66,409.44,411.45,2503567.0
2021-04-12 15:30:00+00:00,SPY,410.85,411.78,410.21,411.21,2127905.0
2021-04-12 19:30:00+00:00,SPY,411.2,411.93,410.53,411.62,2324428.0
2021-04-13 15:30:00+00:00,SPY,411.53,412.2,411.12,411.97,2572896.0
2021-04-13 19:30:00+00:00,SPY,411.98,413.52,411.945,412.81,2533840.0
2021-04-14 15:30:00+00:00,SPY,412.83,413.95,412.57,413.29,2297313.0
2021-04-14 19:30:00+00:00,SPY,413.29,413.29,410.87,411.49,3192670.0
2021-04-15 15:30:00+00:00,SPY,413.77,415.7,413.69,415.29,3050653.0
2021-04-15 19:30:00+00:00,SPY,415.32,416.15,414.89,415.82,2498020.0
2021-04-16 15:30:00+00:00,SPY,417.25,417.39,415.74,416.55,2635540.0
2021-04-16 19:30:00+00:00,SPY,416.58,417.91,416.41,417.31,3047073.0
2021-04-19 15:30:00+00:00,SPY,416.26,416.74,413.79,414.64,3975313.0
2021-04-19 19:30:00+00:00,SPY,414.67,415.34,414.14,415.25,2246150.0
2021-04-20 15:30:00+00:00,SPY,413.91,414.67,410.63,411.3,4179454.0
2021-04-20 19:30:00+00:00,SPY,411.3,412.67,410.6,412.22,2218150.0
2021-04-21 15:30:00+00:00,SPY,411.51,414.93,411.36,414.7,3388971.0
2021-04-21 19:30:00+00:00,SPY,414.71,416.29,414.71,416.08,2332002.0
2021-04-22 15:30:00+00:00,SPY,415.88,416.77,413.15,414.7,4169133.0
2021-04-22 19:30:00+00:00,SPY,414.69,414.76,411.15,412.28,5010889.0
2021-04-23 15:30:00+00:00,SPY,412.87,417.28,412.79,417.04,2745782.0
2021-04-23 19:30:00+00:00,SPY,417.06,418.24,416.65,416.72,2093297.0
2021-04-26 15:30:00+00:00,SPY,417.44,418.17,417.21,417.38,1780569.0
2021-04-26 19:30:00+00:00,SPY,417.4,418.215,416.98,417.64,2118798.0
2021-04-27 15:30:00+00:00,SPY,417.93,417.98,416.32,417.34,2397196.0
2021-04-27 19:30:00+00:00,SPY,417.34,418.14,417.07,417.48,1631286.0
2021-04-28 15:30:00+00:00,SPY,417.81,418.44,417.12,417.8,2001980.0
2021-04-28 19:30:00+00:00,SPY,417.79,419.01,416.9,417.36,2915100.0
2021-04-29 15:30:00+00:00,SPY,420.32,420.71,416.44,418.46,4371273.0
2021-04-29 19:30:00+00:00,SPY,418.52,420.485,418.14,419.99,2951916.0
2021-04-30 15:30:00+00:00,SPY,417.63,418.54,416.71,417.73,3345109.0
2021-04-30 19:30:00+00:00,SPY,417.72,417.89,416.35,417.29,3905720.0
2021-05-03 15:30:00+00:00,SPY,419.43,419.84,418.15,418.36,2823725.0
2021-05-03 19:30:00+00:00,SPY,418.34,419.27,417.67,418.18,2152238.0
2021-05-04 15:30:00+00:00,SPY,416.09,416.59,411.67,413.69,6035389.0
2021-05-04 19:30:00+00:00,SPY,413.69,415.66,413.19,415.65,3788575.0
2021-05-05 15:30:00+00:00,SPY,417.35,417.63,414.95,416.8,2773080.0
2021-05-05 19:30:00+00:00,SPY,416.81,417.22,415.15,415.72,1986915.0
2021-05-06 15:30:00+00:00,SPY,415.85,417.58,413.68,416.69,3976145.0
2021-05-06 19:30:00+00:00,SPY,416.71,419.21,415.66,419.08,3232937.0
2021-05-07 15:30:00+00:00,SPY,419.89,422.81,419.17,421.5,3452352.0
2021-05-07 19:30:00+00:00,SPY,421.51,422.79,421.21,422.09,2100349.0
2021-05-10 15:30:00+00:00,SPY,422.5,422.74,421.04,421.73,2725507.0
2021-05-10 19:30:00+00:00,SPY,421.72,421.79,417.82,417.97,4018957.0
2021-05-11 15:30:00+00:00,SPY,413.1,415.27,410.08,414.08,7439966.0
2021-05-11 19:30:00+00:00,SPY,414.17,415.03,412.66,414.27,4057959.0
2021-05-12 15:30:00+00:00,SPY,411.23,412.59,406.72,407.51,7281511.0
2021-05-12 19:30:00+00:00,SPY,407.47,408.25,404.8,405.43,6102797.0
2021-05-13 15:30:00+00:00,SPY,407.07,412.01,407.06,409.08,5831326.0
2021-05-13 19:30:00+00:00,SPY,409.06,412.34,407.84,410.25,4561790.0
2021-05-14 15:30:00+00:00,SPY,413.21,416.44,413.2,416.41,3166512.0
2021-05-14 19:30:00+00:00,SPY,416.39,417.49,416.16,416.54,3242945.0
2021-05-17 15:30:00+00:00,SPY,415.39,416.38,413.72,414.02,3849432.0
2021-05-17 19:30:00+00:00,SPY,414.025,415.69,413.36,415.55,2079129.0
2021-05-18 15:30:00+00:00,SPY,415.8,416.06,414.47,415.52,2395440.0
2021-05-18 19:30:00+00:00,SPY,415.55,415.58,411.77,412.0,2380644.0
2021-05-19 15:30:00+00:00,SPY,406.92,410.24,405.34,409.85,5961442.0
2021-05-19 19:30:00+00:00,SPY,409.85,411.05,407.6,410.9,4339871.0
2021-05-20 15:30:00+00:00,SPY,411.81,416.14,411.67,415.36,3533018.0
2021-05-20 19:30:00+00:00,SPY,415.41,416.61,414.57,415.25,3059898.0
2021-05-21 15:30:00+00:00,SPY,416.89,418.2,414.45,415.43,3434226.0
2021-05-21 19:30:00+00:00,SPY,415.42,416.24,414.7,414.95,2295529.0
2021-05-24 15:30:00+00:00,SPY,417.34,419.68,417.08,419.62,1862492.0
2021-05-24 19:30:00+00:00,SPY,419.62,420.31,418.95,419.13,2156456.0
2021-05-25 15:30:00+00:00,SPY,420.33,420.7,417.95,419.1,2630804.0
2021-05-25 19:30:00+00:00,SPY,419.1,419.19,417.62,418.25,1901727.0
2021-05-26 15:30:00+00:00,SPY,418.87,419.61,417.76,419.25,1535256.0
2021-05-26 19:30:00+00:00,SPY,419.26,419.27,418.44,419.05,1886024.0
2021-05-27 15:30:00+00:00,SPY,420.17,420.7,419.46,419.92,1832279.0
2021-05-27 19:30:00+00:00,SPY,419.91,420.1,419.12,419.21,2443676.0
2021-05-28 15:30:00+00:00,SPY,420.97,421.25,419.97,420.67,1638998.0
2021-05-28 19:30:00+00:00,SPY,420.65,420.95,419.79,420.02,2142398.0
2021-06-01 15:30:00+00:00,SPY,422.56,422.72,419.2,419.32,2401196.0
2021-06-01 19:30:00+00:00,SPY,419.32,420.37,419.25,419.63,1417594.0
2021-06-02 15:30:00+00:00,SPY,420.38,421.23,419.55,419.84,1539285.0
2021-06-02 19:30:00+00:00,SPY,419.79,420.47,419.3,420.36,1705148.0
2021-06-03 15:30:00+00:00,SPY,417.86,419.99,416.28,419.81,2954275.0
2021-06-03 19:30:00+00:00,SPY,419.79,419.89,418.73,418.8,1212261.0
2021-06-04 15:30:00+00:00,SPY,420.75,422.02,420.68,421.83,1546446.0
2021-06-04 19:30:00+00:00,SPY,421.83,422.91,421.83,422.57,1586576.0
2021-06-07 15:30:00+00:00,SPY,422.59,422.78,421.24,421.52,1546024.0
2021-06-07 19:30:00+00:00,SPY,421.51,422.39,421.2,422.22,1443568.0
2021-06-08 15:30:00+00:00,SPY,423.12,423.2,420.33,422.23,2108003.0
2021-06-08 19:30:00+00:00,SPY,422.22,422.94,422.15,422.27,1193367.0
2021-06-09 15:30:00+00:00,SPY,423.18,423.26,422.22,422.85,1397031.0
2021-06-09 19:30:00+00:00,SPY,422.84,422.89,421.41,421.62,1647665.0
2021-06-10 15:30:00+00:00,SPY,422.96,424.62,421.55,423.72,2054365.0
2021-06-10 19:30:00+00:00,SPY,423.745,424.1,423.18,423.58,1315795.0
2021-06-11 15:30:00+00:00,SPY,424.2,424.41,422.82,423.25,1468183.0
2021-06-11 19:30:00+00:00,SPY,423.23,424.41,423.23,424.31,1321426.0
2021-06-14 15:30:00+00:00,SPY,424.43,424.45,423.1,423.4,1240475.0
2021-06-14 19:30:00+00:00,SPY,423.4,425.29,423.16,425.28,1293709.0
2021-06-15 15:30:00+00:00,SPY,425.43,425.45,423.55,424.1,1262264.0
2021-06-15 19:30:00+00:00,SPY,424.09,425.0,424.03,424.49,1774876.0
2021-06-16 15:30:00+00:00,SPY,424.65,424.83,423.0,423.11,1154144.0
2021-06-16 19:30:00+00:00,SPY,423.09,423.59,419.93,422.13,4868042.0
2021-06-17 15:30:00+00:00,SPY,421.67,422.93,419.33,422.25,2985754.0
2021-06-17 19:30:00+00:00,SPY,422.27,423.0,421.59,421.98,1960576.0
2021-06-18 15:30:00+00:00,SPY,417.16,417.82,415.59,416.52,3424771.0
2021-06-18 19:30:00+00:00,SPY,416.49,417.12,414.71,415.0,2459006.0
2021-06-21 15:30:00+00:00,SPY,416.8,420.38,415.93,420.13,2736949.0
2021-06-21 19:30:00+00:00,SPY,420.14,421.06,420.14,420.84,2267708.0
2021-06-22 15:30:00+00:00,SPY,420.85,422.63,420.08,422.39,2176115.0
2021-06-22 19:30:00+00:00,SPY,422.42,424.0,422.24,423.05,2509093.0
2021-06-23 15:30:00+00:00,SPY,423.16,424.05,422.7,423.54,1702945.0
2021-06-23 19:30:00+00:00,SPY,423.54,423.82,422.51,422.62,1529489.0
2021-06-24 15:30:00+00:00,SPY,424.89,425.52,424.62,425.04,1631465.0
2021-06-24 19:30:00+00:00,SPY,425.01,425.55,424.78,425.09,1514512.0
2021-06-25 15:30:00+00:00,SPY,426.0,426.48,425.55,426.18,1320172.0
2021-06-25 19:30:00+00:00,SPY,426.16,427.09,425.96,426.59,2677815.0
2021-06-28 15:30:00+00:00,SPY,427.17,427.24,425.89,425.95,1412464.0
2021-06-28 19:30:00+00:00,SPY,425.95,427.64,425.89,427.48,1643519.0
2021-06-29 15:30:00+00:00,SPY,427.88,428.55,427.74,427.76,1383730.0
2021-06-29 19:30:00+00:00,SPY,427.74,428.06,427.15,427.67,1221107.0
2021-06-30 15:30:00+00:00,SPY,427.21,428.38,427.21,427.85,1933455.0
2021-06-30 19:30:00+00:00,SPY,427.87,428.76,427.58,428.06,2126831.0
2021-07-01 15:30:00+00:00,SPY,428.86,429.78,428.81,429.75,1748444.0
2021-07-01 19:30:00+00:00,SPY,429.75,430.59,429.72,430.48,2021169.0
2021-07-02 15:30:00+00:00,SPY,431.67,433.48,431.33,433.15,1631484.0
2021-07-02 19:30:00+00:00,SPY,433.15,434.1,433.03,433.76,2033760.0
2021-07-06 15:30:00+00:00,SPY,433.78,434.0,430.01,431.37,2774875.0
2021-07-06 19:30:00+00:00,SPY,431.37,433.2,431.28,432.9,1808661.0
2021-07-07 15:30:00+00:00,SPY,433.66,434.45,431.53,433.76,2571606.0
2021-07-07 19:30:00+00:00,SPY,433.77,434.76,433.64,434.44,1914156.0
2021-07-08 15:30:00+00:00,SPY,428.78,431.73,427.53,431.41,4427662.0
2021-07-08 19:30:00+00:00,SPY,431.4,431.57,429.16,430.94,3289468.0
2021-07-09 15:30:00+00:00,SPY,432.53,435.22,432.32,434.84,2643053.0
2021-07-09 19:30:00+00:00,SPY,434.85,435.8,434.73,435.47,2436867.0
2021-07-12 15:30:00+00:00,SPY,435.42,436.74,434.97,436.68,1636563.0
2021-07-12 19:30:00+00:00,SPY,436.68,437.33,436.42,437.11,1678457.0
2021-07-13 15:30:00+00:00,SPY,436.24,437.83,436.205,436.49,1884101.0
2021-07-13 19:30:00+00:00,SPY,436.49,436.58,435.315,435.63,2060680.0
2021-07-14 15:30:00+00:00,SPY,437.4,437.91,434.92,435.95,2082229.0
2021-07-14 19:30:00+00:00,SPY,435.96,437.08,435.92,436.27,2253738.0
2021-07-15 15:30:00+00:00,SPY,434.81,435.53,433.69,433.9,2736256.0
2021-07-15 19:30:00+00:00,SPY,433.85,434.81,432.72,434.73,2025065.0
2021-07-16 15:30:00+00:00,SPY,436.0,436.05,432.94,433.59,3015788.0
2021-07-16 19:30:00+00:00,SPY,433.55,433.59,430.93,431.38,2533183.0
2021-07-19 15:30:00+00:00,SPY,426.19,426.69,422.26,422.43,7455634.0
2021-07-19 19:30:00+00:00,SPY,422.42,425.01,421.97,424.95,4458066.0
2021-07-20 15:30:00+00:00,SPY,425.68,432.07,424.84,430.96,4005202.0
2021-07-20 19:30:00+00:00,SPY,430.98,432.41,430.74,431.05,3263864.0
2021-07-21 15:30:00+00:00,SPY,432.34,434.02,432.15,433.84,2308190.0
2021-07-21 19:30:00+00:00,SPY,433.86,434.7,433.54,434.56,2158705.0
2021-07-22 15:30:00+00:00,SPY,434.74,435.35,433.7,435.01,2020351.0
2021-07-22 19:30:00+00:00,SPY,435.03,435.72,434.99,435.48,1131792.0
2021-07-23 15:30:00+00:00,SPY,437.52,440.03,436.79,439.82,2765365.0
2021-07-23 19:30:00+00:00,SPY,439.84,440.3,439.175,439.9,1549769.0
2021-07-26 15:30:00+00:00,SPY,439.31,440.82,439.26,440.43,1854684.0
2021-07-26 19:30:00+00:00,SPY,440.45,441.02,440.18,440.99,1246331.0
2021-07-27 15:30:00+00:00,SPY,439.91,439.92,436.02,436.3,3673771.0
2021-07-27 19:30:00+00:00,SPY,436.28,439.05,435.99,438.99,2447877.0
2021-07-28 15:30:00+00:00,SPY,439.68,439.83,438.05,438.14,2215869.0
2021-07-28 19:30:00+00:00,SPY,438.15,440.29,437.31,438.81,2312905.0
2021-07-29 15:30:00+00:00,SPY,439.815,441.78,439.81,441.72,2943172.0
2021-07-29 19:30:00+00:00,SPY,441.7,441.8,440.65,440.68,1403777.0
2021-07-30 15:30:00+00:00,SPY,437.91,440.05,437.91,438.73,2391634.0
2021-07-30 19:30:00+00:00,SPY,438.72,439.16,437.77,438.49,2985126.0
2021-08-02 15:30:00+00:00,SPY,440.34,440.93,438.2,438.94,2756381.0
2021-08-02 19:30:00+00:00,SPY,438.92,439.01,437.23,437.58,2020812.0
2021-08-03 15:30:00+00:00,SPY,438.44,440.28,436.11,440.09,3119560.0
2021-08-03 19:30:00+00:00,SPY,440.1,441.27,439.86,441.12,2035906.0
2021-08-04 15:30:00+00:00,SPY,439.78,440.4,438.74,439.86,2285858.0
2021-08-04 19:30:00+00:00,SPY,439.86,440.28,438.97,439.02,1313051.0
2021-08-05 15:30:00+00:00,SPY,440.22,441.13,439.9,440.75,1449163.0
2021-08-05 19:30:00+00:00,SPY,440.75,441.85,440.65,441.77,1148003.0
2021-08-06 15:30:00+00:00,SPY,442.08,442.92,441.8,442.605,1646565.0
2021-08-06 19:30:00+00:00,SPY,442.61,442.72,441.95,442.52,1313569.0
2021-08-09 15:30:00+00:00,SPY,442.46,442.79,441.31,442.15,1640806.0
2021-08-09 19:30:00+00:00,SPY,442.14,442.76,441.99,442.14,745295.0
2021-08-10 15:30:00+00:00,SPY,442.61,443.43,441.89,442.87,1795799.0
2021-08-10 19:30:00+00:00,SPY,442.87,443.06,442.215,442.66,1335896.0
2021-08-11 15:30:00+00:00,SPY,443.82,443.88,442.63,443.42,1653102.0
2021-08-11 19:30:00+00:00,SPY,443.44,443.76,443.12,443.74,1165427.0
2021-08-12 15:30:00+00:00,SPY,443.62,444.43,442.67,444.33,1531854.0
2021-08-12 19:30:00+00:00,SPY,444.32,445.25,444.27,445.08,1228996.0
2021-08-13 15:30:00+00:00,SPY,445.59,445.84,445.08,445.57,1267317.0
2021-08-13 19:30:00+00:00,SPY,445.56,445.93,445.2,445.9,1492984.0
2021-08-16 15:30:00+00:00,SPY,444.57,445.26,442.87,445.17,2642571.0
2021-08-16 19:30:00+00:00,SPY,445.17,447.11,445.13,447.02,1899149.0
2021-08-17 15:30:00+00:00,SPY,444.24,444.96,440.85,442.15,4999526.0
2021-08-17 19:30:00+00:00,SPY,442.13,444.07,441.05,444.06,3085973.0
2021-08-18 15:30:00+00:00,SPY,442.96,444.6,442.69,443.04,2393920.0
2021-08-18 19:30:00+00:00,SPY,443.04,444.19,438.92,439.21,3887996.0
2021-08-19 15:30:00+00:00,SPY,436.27,441.13,436.12,439.46,4350047.0
2021-08-19 19:30:00+00:00,SPY,439.44,441.05,437.46,439.84,3514214.0
2021-08-20 15:30:00+00:00,SPY,440.23,443.55,439.71,443.22,2788615.0
2021-08-20 19:30:00+00:00,SPY,443.25,443.7,442.46,443.37,1961364.0
2021-08-23 15:30:00+00:00,SPY,445.16,448.22,445.14,447.72,2047807.0
2021-08-23 19:30:00+00:00,SPY,447.71,448.11,447.15,447.27,1414017.0
2021-08-24 15:30:00+00:00,SPY,447.96,448.46,447.42,448.0,1450521.0
2021-08-24 19:30:00+00:00,SPY,448.0,448.54,447.7,447.96,902061.0
2021-08-25 15:30:00+00:00,SPY,448.17,449.37,447.79,449.05,1180509.0
2021-08-25 19:30:00+00:00,SPY,449.07,449.45,448.79,448.89,1491803.0
2021-08-26 15:30:00+00:00,SPY,448.61,448.85,446.19,447.4,2887392.0
2021-08-26 19:30:00+00:00,SPY,447.39,447.78,446.16,446.27,2046042.0
2021-08-27 15:30:00+00:00,SPY,447.12,450.43,447.06,450.33,2581717.0
2021-08-27 19:30:00+00:00,SPY,450.34,450.65,449.99,450.19,2226580.0
2021-08-30 15:30:00+00:00,SPY,450.97,453.07,450.72,452.7,1684594.0
2021-08-30 19:30:00+00:00,SPY,452.71,453.05,452.09,452.22,1778359.0
2021-08-31 15:30:00+00:00,SPY,452.13,452.49,450.92,451.59,1416223.0
2021-08-31 19:30:00+00:00,SPY,451.59,451.96,451.19,451.61,2584398.0
2021-09-01 15:30:00+00:00,SPY,452.56,453.05,451.82,452.98,1909164.0
2021-09-01 19:30:00+00:00,SPY,453.0,453.11,451.55,451.81,1476065.0
2021-09-02 15:30:00+00:00,SPY,453.32,454.05,452.72,452.74,1612211.0
2021-09-02 19:30:00+00:00,SPY,452.73,453.22,451.92,453.2,1634741.0
2021-09-03 15:30:00+00:00,SPY,451.98,453.38,451.55,453.19,2016933.0
2021-09-03 19:30:00+00:00,SPY,453.21,453.63,452.85,453.06,1345370.0
2021-09-07 15:30:00+00:00,SPY,452.69,452.81,450.75,452.18,2197700.0
2021-09-07 19:30:00+00:00,SPY,452.19,452.42,451.42,451.51,1490360.0
2021-09-08 15:30:00+00:00,SPY,450.89,451.66,448.87,450.52,3074042.0
2021-09-08 19:30:00+00:00,SPY,450.57,451.12,450.3,450.96,1545077.0
2021-09-09 15:30:00+00:00,SPY,450.7,452.57,449.34,449.79,2524709.0
2021-09-09 19:30:00+00:00,SPY,449.78,450.14,448.73,448.96,2528377.0
2021-09-10 15:30:00+00:00,SPY,451.04,451.48,447.34,448.77,3514994.0
2021-09-10 19:30:00+00:00,SPY,448.79,449.15,445.315,445.51,3462955.0
2021-09-13 15:30:00+00:00,SPY,448.64,448.91,444.89,445.29,3772702.0
2021-09-13 19:30:00+00:00,SPY,445.3,446.58,444.11,446.56,3033719.0
2021-09-14 15:30:00+00:00,SPY,448.12,448.34,444.07,444.91,2942018.0
2021-09-14 19:30:00+00:00,SPY,444.88,445.21,443.23,444.16,3246977.0
2021-09-15 15:30:00+00:00,SPY,444.62,447.52,443.44,447.41,3408429.0
2021-09-15 19:30:00+00:00,SPY,447.44,448.41,447.17,447.86,2438784.0
2021-09-16 15:30:00+00:00,SPY,447.32,448.27,444.02,446.01,2949616.0
2021-09-16 19:30:00+00:00,SPY,445.99,448.35,445.43,447.15,2230766.0
2021-09-17 15:30:00+00:00,SPY,444.92,445.36,441.64,442.06,4279355.0
2021-09-17 19:30:00+00:00,SPY,442.07,442.22,441.02,441.42,3572883.0
2021-09-20 15:30:00+00:00,SPY,434.88,436.54,430.7,431.96,7514166.0
2021-09-20 19:30:00+00:00,SPY,431.95,434.42,428.86,434.1,6024239.0
2021-09-21 15:30:00+00:00,SPY,436.54,437.91,433.08,434.36,5158881.0
2021-09-21 19:30:00+00:00,SPY,434.34,436.05,433.54,433.67,2845824.0
2021-09-22 15:30:00+00:00,SPY,436.04,439.57,435.07,438.3,3151323.0
2021-09-22 19:30:00+00:00,SPY,438.28,440.03,436.61,437.84,5747676.0
2021-09-23 15:30:00+00:00,SPY,439.85,444.45,439.6,444.41,3658616.0
2021-09-23 19:30:00+00:00,SPY,444.44,444.88,443.03,443.05,2571661.0
2021-09-24 15:30:00+00:00,SPY,441.44,443.91,441.21,443.49,2594269.0
2021-09-24 19:30:00+00:00,SPY,443.48,444.665,442.8,443.93,1740838.0
2021-09-27 15:30:00+00:00,SPY,442.81,444.04,441.9,443.09,2788646.0
2021-09-27 19:30:00+00:00,SPY,443.07,443.71,442.32,442.68,1965352.0
2021-09-28 15:30:00+00:00,SPY,439.69,440.03,432.95,434.67,6364355.0
2021-09-28 19:30:00+00:00,SPY,434.665,436.67,433.02,433.74,4613513.0
2021-09-29 15:30:00+00:00,SPY,435.19,437.04,434.03,434.67,3700465.0
2021-09-29 19:30:00+00:00,SPY,434.7,436.97,433.85,434.43,3175820.0
2021-09-30 15:30:00+00:00,SPY,436.02,436.77,430.0,430.89,5181697.0
2021-09-30 19:30:00+00:00,SPY,430.88,433.86,428.94,429.19,6346076.0
2021-10-01 15:30:00+00:00,SPY,430.98,432.46,427.24,432.21,5552968.0
2021-10-01 19:30:00+00:00,SPY,432.24,436.03,432.24,434.18,3723952.0
2021-10-04 15:30:00+00:00,SPY,433.0,433.93,426.36,427.23,6235083.0
2021-10-04 19:30:00+00:00,SPY,427.21,429.22,427.21,428.7,5916996.0
2021-10-05 15:30:00+00:00,SPY,430.24,435.17,429.39,434.54,3993163.0
2021-10-05 19:30:00+00:00,SPY,434.53,435.49,432.85,433.04,2583466.0
2021-10-06 15:30:00+00:00,SPY,429.27,431.5,427.545,431.26,5388027.0
2021-10-06 19:30:00+00:00,SPY,431.24,435.11,431.19,434.91,4190129.0
2021-10-07 15:30:00+00:00,SPY,438.39,441.67,438.26,441.21,3031787.0
2021-10-07 19:30:00+00:00,SPY,441.2,441.22,438.2,438.65,2013987.0
2021-10-08 15:30:00+00:00,SPY,439.48,439.88,437.19,437.49,2550243.0
2021-10-08 19:30:00+00:00,SPY,437.42,439.3,437.3,437.83,2165320.0
2021-10-11 15:30:00+00:00,SPY,437.16,440.26,436.3,436.41,2131914.0
2021-10-11 19:30:00+00:00,SPY,436.45,437.31,434.62,434.66,2064399.0
2021-10-12 15:30:00+00:00,SPY,435.67,436.09,433.51,434.26,3148698.0
2021-10-12 19:30:00+00:00,SPY,434.22,435.55,432.78,433.66,2482319.0
2021-10-13 15:30:00+00:00,SPY,434.71,435.27,431.55,434.65,3013059.0
2021-10-13 19:30:00+00:00,SPY,434.66,436.05,433.94,435.13,2384750.0
2021-10-14 15:30:00+00:00,SPY,439.08,442.25,438.58,441.71,2822137.0
2021-10-14 19:30:00+00:00,SPY,441.75,442.65,441.65,442.47,2077144.0
2021-10-15 15:30:00+00:00,SPY,444.77,445.7,444.09,445.1,1953878.0
2021-10-15 19:30:00+00:00,SPY,445.12,446.26,445.12,445.83,1939463.0
2021-10-18 15:30:00+00:00,SPY,443.97,447.01,443.28,446.82,1879190.0
2021-10-18 19:30:00+00:00,SPY,446.81,447.55,446.46,447.23,2287026.0
2021-10-19 15:30:00+00:00,SPY,448.92,450.55,448.28,450.23,1805044.0
2021-10-19 19:30:00+00:00,SPY,450.24,450.7,449.605,450.68,1495077.0
2021-10-20 15:30:00+00:00,SPY,451.12,452.72,451.01,451.81,1792722.0
2021-10-20 19:30:00+00:00,SPY,451.76,452.51,451.52,452.39,1348027.0
2021-10-21 15:30:00+00:00,SPY,451.75,452.86,451.32,452.31,1326423.0
2021-10-21 19:30:00+00:00,SPY,452.31,453.825,451.77,453.62,1214592.0
2021-10-22 15:30:00+00:00,SPY,453.13,454.65,451.05,452.87,2352978.0
2021-10-22 19:30:00+00:00,SPY,452.89,454.07,452.5,453.14,1933635.0
2021-10-25 15:30:00+00:00,SPY,454.28,455.89,452.39,455.61,1627740.0
2021-10-25 19:30:00+00:00,SPY,455.62,455.89,454.88,455.49,1487447.0
2021-10-26 15:30:00+00:00,SPY,457.2,458.49,455.59,456.25,2337358.0
2021-10-26 19:30:00+00:00,SPY,456.25,457.43,455.9,455.99,1937876.0
2021-10-27 15:30:00+00:00,SPY,456.45,457.14,455.33,456.79,2081554.0
2021-10-27 19:30:00+00:00,SPY,456.81,457.12,453.87,453.9,2269831.0
2021-10-28 15:30:00+00:00,SPY,455.46,457.95,455.46,457.055,1859422.0
2021-10-28 19:30:00+00:00,SPY,457.06,458.39,457.06,458.26,1582450.0
2021-10-29 15:30:00+00:00,SPY,455.87,459.16,455.57,458.85,2083740.0
2021-10-29 19:30:00+00:00,SPY,458.86,459.55,457.58,459.22,2882882.0
2021-11-01 14:30:00+00:00,SPY,460.3,460.695,458.2,459.25,2156043.0
2021-11-01 18:30:00+00:00,SPY,459.24,460.23,458.22,460.08,1328412.0
2021-11-02 14:30:00+00:00,SPY,460.22,462.21,460.08,461.57,1856896.0
2021-11-02 18:30:00+00:00,SPY,461.56,462.04,461.225,461.88,1636084.0
2021-11-03 14:30:00+00:00,SPY,461.3,461.67,460.83,461.28,1153112.0
2021-11-03 18:30:00+00:00,SPY,461.3,465.14,460.9,464.74,2887208.0
2021-11-04 14:30:00+00:00,SPY,465.36,467.0,465.0,466.07,1946612.0
2021-11-04 18:30:00+00:00,SPY,466.08,466.91,465.54,466.88,1682328.0
2021-11-05 14:30:00+00:00,SPY,469.28,470.65,466.93,466.93,2711525.0
2021-11-05 18:30:00+00:00,SPY,466.94,469.15,466.92,468.49,2240365.0
2021-11-08 15:30:00+00:00,SPY,469.7,470.21,468.21,468.85,1639662.0
2021-11-08 19:30:00+00:00,SPY,468.85,469.47,468.55,468.96,1563490.0
2021-11-09 15:30:00+00:00,SPY,469.32,469.56,465.88,466.57,2985534.0
2021-11-09 19:30:00+00:00,SPY,466.59,467.49,465.95,467.38,1346617.0
2021-11-10 15:30:00+00:00,SPY,465.58,467.38,464.5,465.05,2323640.0
2021-11-10 19:30:00+00:00,SPY,465.04,465.39,462.04,463.64,3144953.0
2021-11-11 15:30:00+00:00,SPY,465.21,465.29,463.85,464.28,1443233.0
2021-11-11 19:30:00+00:00,SPY,464.26,464.84,463.76,463.81,999727.0
2021-11-12 15:30:00+00:00,SPY,465.16,467.36,464.11,466.67,1816654.0
2021-11-12 19:30:00+00:00,SPY,466.68,467.86,466.27,467.26,1647565.0
2021-11-15 15:30:00+00:00,SPY,468.64,468.8,466.23,467.23,1671251.0
2021-11-15 19:30:00+00:00,SPY,467.25,467.52,466.59,467.41,1392163.0
2021-11-16 15:30:00+00:00,SPY,467.16,470.31,467.07,470.09,1739925.0
2021-11-16 19:30:00+00:00,SPY,470.09,470.47,468.99,469.24,1725402.0
2021-11-17 15:30:00+00:00,SPY,469.01,469.185,467.48,468.41,1670651.0
2021-11-17 19:30:00+00:00,SPY,468.42,468.76,467.96,468.11,1492645.0
2021-11-18 15:30:00+00:00,SPY,469.24,469.96,466.36,469.18,2128388.0
2021-11-18 19:30:00+00:00,SPY,469.16,470.0,468.64,469.72,1371260.0
2021-11-19 15:30:00+00:00,SPY,469.61,470.94,468.71,469.22,1889004.0
2021-11-19 19:30:00+00:00,SPY,469.17,469.85,468.52,468.89,1528539.0
2021-11-22 15:30:00+00:00,SPY,470.9,473.53,469.25,470.94,3072080.0
2021-11-22 19:30:00+00:00,SPY,470.99,472.39,467.35,467.52,2476048.0
2021-11-23 15:30:00+00:00,SPY,467.22,469.08,464.45,465.42,3239915.0
2021-11-23 19:30:00+00:00,SPY,465.41,468.67,464.95,468.24,2314282.0
2021-11-24 15:30:00+00:00,SPY,466.1,469.02,465.2,468.83,2543213.0
2021-11-24 19:30:00+00:00,SPY,468.9,469.57,467.32,469.37,2468721.0
2021-11-26 15:30:00+00:00,SPY,462.34,463.89,457.24,458.09,9186401.0
2021-11-26 19:30:00+00:00,SPY,458.01,458.14,456.94,456.94,14936.0
2021-11-29 15:30:00+00:00,SPY,464.06,466.55,461.75,466.05,3585055.0
2021-11-29 19:30:00+00:00,SPY,466.04,466.37,464.34,464.62,2655340.0
2021-11-30 15:30:00+00:00,SPY,462.0,464.01,455.85,457.11,7103411.0
2021-11-30 19:30:00+00:00,SPY,457.13,459.31,455.31,455.78,6797603.0
2021-12-01 15:30:00+00:00,SPY,461.64,464.66,458.78,460.25,4309490.0
2021-12-01 19:30:00+00:00,SPY,460.23,460.36,450.29,450.52,5749076.0
2021-12-02 15:30:00+00:00,SPY,450.73,458.37,450.34,456.61,5771910.0
2021-12-02 19:30:00+00:00,SPY,456.66,459.06,456.16,457.36,5252379.0
2021-12-03 15:30:00+00:00,SPY,459.17,460.29,450.13,452.03,6568771.0
2021-12-03 19:30:00+00:00,SPY,452.03,453.67,448.92,453.43,5124993.0
2021-12-06 15:30:00+00:00,SPY,456.15,460.63,453.57,460.33,4466102.0
2021-12-06 19:30:00+00:00,SPY,460.38,460.78,458.33,458.78,2917378.0
2021-12-07 15:30:00+00:00,SPY,464.41,468.87,464.35,468.21,2986738.0
2021-12-07 19:30:00+00:00,SPY,468.21,468.79,466.24,468.25,3800686.0
2021-12-08 15:30:00+00:00,SPY,468.7,469.28,466.83,468.57,2488771.0
2021-12-08 19:30:00+00:00,SPY,468.57,470.0,468.24,469.54,2101386.0
2021-12-09 15:30:00+00:00,SPY,468.15,469.06,467.07,468.51,2001918.0
2021-12-09 19:30:00+00:00,SPY,468.48,469.1,466.145,466.32,2279031.0
2021-12-10 15:30:00+00:00,SPY,469.23,470.08,466.53,469.23,3043918.0
2021-12-10 19:30:00+00:00,SPY,469.25,470.89,468.38,470.71,2161240.0
2021-12-13 15:30:00+00:00,SPY,470.19,470.56,466.76,467.49,3359660.0
2021-12-13 19:30:00+00:00,SPY,467.51,468.61,466.27,466.61,3085625.0
2021-12-14 15:30:00+00:00,SPY,463.09,465.74,460.25,461.36,3405119.0
2021-12-14 19:30:00+00:00,SPY,461.38,464.44,460.44,463.38,2571255.0
2021-12-15 15:30:00+00:00,SPY,463.42,463.73,460.8,462.15,2474806.0
2021-12-15 19:30:00+00:00,SPY,462.15,470.86,460.75,470.58,6864874.0
2021-12-16 15:30:00+00:00,SPY,472.56,472.87,467.62,468.8,3730212.0
2021-12-16 19:30:00+00:00,SPY,468.8,469.22,464.8,466.43,4237575.0
2021-12-17 15:30:00+00:00,SPY,461.55,464.72,458.06,462.85,5949763.0
2021-12-17 19:30:00+00:00,SPY,462.94,463.7,459.54,459.89,3995751.0
2021-12-20 15:30:00+00:00,SPY,454.48,454.935,451.15,452.57,3806068.0
2021-12-20 19:30:00+00:00,SPY,452.48,455.4,452.08,454.98,3016168.0
2021-12-21 15:30:00+00:00,SPY,458.58,461.94,456.315,461.79,2559510.0
2021-12-21 19:30:00+00:00,SPY,461.81,463.21,461.24,463.04,1904965.0
2021-12-22 15:30:00+00:00,SPY,462.79,466.9,462.64,466.285,2325427.0
2021-12-22 19:30:00+00:00,SPY,466.34,467.81,465.27,467.69,1744800.0
2021-12-23 15:30:00+00:00,SPY,468.75,471.46,468.65,471.19,1693632.0
2021-12-23 19:30:00+00:00,SPY,471.22,472.18,470.54,470.57,1768500.0
2021-12-27 15:30:00+00:00,SPY,472.05,476.14,472.02,475.97,1370749.0
2021-12-27 19:30:00+00:00,SPY,475.98,477.3,475.7,477.3,1683266.0
2021-12-28 15:30:00+00:00,SPY,477.72,478.81,476.07,476.87,1515491.0
2021-12-28 19:30:00+00:00,SPY,476.86,477.69,476.24,476.89,1326879.0
2021-12-29 15:30:00+00:00,SPY,476.97,478.14,475.93,476.75,1451999.0
2021-12-29 19:30:00+00:00,SPY,476.76,478.56,476.63,477.46,1466305.0
2021-12-30 15:30:00+00:00,SPY,477.93,478.99,477.69,478.06,1207500.0
2021-12-30 19:30:00+00:00,SPY,478.06,478.36,475.68,476.15,1819791.0
2021-12-31 15:30:00+00:00,SPY,475.64,476.86,474.88,476.32,1588768.0
2021-12-31 19:30:00+00:00,SPY,476.27,476.7,474.68,474.89,2657557.0
2022-01-03 15:30:00+00:00,SPY,476.3,477.71,473.87,476.07,2473053.0
2022-01-03 19:30:00+00:00,SPY,476.09,477.85,475.87,477.76,1965646.0
2022-01-04 15:30:00+00:00,SPY,479.22,479.96,476.44,476.78,2367901.0
2022-01-04 19:30:00+00:00,SPY,476.8,478.96,475.59,477.51,2262204.0
2022-01-05 15:30:00+00:00,SPY,477.16,477.98,475.31,475.86,2256670.0
2022-01-05 19:30:00+00:00,SPY,475.86,476.91,468.29,468.43,4364409.0
2022-01-06 15:30:00+00:00,SPY,467.94,470.8,465.45,468.64,4143767.0
2022-01-06 19:30:00+00:00,SPY,468.64,470.17,467.09,467.93,2462182.0
2022-01-07 15:30:00+00:00,SPY,467.95,469.2,464.65,467.03,2970202.0
2022-01-07 19:30:00+00:00,SPY,467.03,467.97,465.92,466.12,2122025.0
2022-01-10 15:30:00+00:00,SPY,462.7,462.99,456.6,460.52,4914346.0
2022-01-10 19:30:00+00:00,SPY,460.52,465.73,460.17,465.52,3371239.0
2022-01-11 15:30:00+00:00,SPY,465.23,468.37,462.05,468.08,3664991.0
2022-01-11 19:30:00+00:00,SPY,468.11,469.85,467.715,469.75,1803332.0
2022-01-12 15:30:00+00:00,SPY,471.59,473.2,468.94,470.84,2652082.0
2022-01-12 19:30:00+00:00,SPY,470.835,471.67,469.77,471.08,1673435.0
2022-01-13 15:30:00+00:00,SPY,472.19,472.88,466.91,468.49,2928464.0
2022-01-13 19:30:00+00:00,SPY,468.45,469.2,463.48,464.52,3114322.0
2022-01-14 15:30:00+00:00,SPY,461.19,464.85,459.91,460.52,4617884.0
2022-01-14 19:30:00+00:00,SPY,460.42,465.08,459.99,464.72,3518651.0
2022-01-18 15:30:00+00:00,SPY,459.74,459.96,455.47,456.13,4292133.0
2022-01-18 19:30:00+00:00,SPY,456.06,458.9,455.34,456.51,3802331.0
2022-01-19 15:30:00+00:00,SPY,458.13,459.59,454.73,456.89,3695454.0
2022-01-19 19:30:00+00:00,SPY,456.9,457.27,451.47,451.79,3659759.0
2022-01-20 15:30:00+00:00,SPY,453.75,458.74,453.51,455.68,3316437.0
2022-01-20 19:30:00+00:00,SPY,455.71,456.565,446.26,446.81,5952757.0
2022-01-21 15:30:00+00:00,SPY,445.59,448.05,440.66,442.0,8119122.0
2022-01-21 19:30:00+00:00,SPY,442.02,443.83,437.97,438.02,6600049.0
2022-01-24 15:30:00+00:00,SPY,432.07,433.46,420.78,426.29,10899605.0
2022-01-24 19:30:00+00:00,SPY,426.26,440.38,426.04,439.89,8716680.0
2022-01-25 15:30:00+00:00,SPY,433.07,434.67,427.15,433.57,9700587.0
2022-01-25 19:30:00+00:00,SPY,433.51,439.71,433.19,434.42,5952600.0
2022-01-26 15:30:00+00:00,SPY,440.72,443.08,437.54,440.78,6033633.0
2022-01-26 19:30:00+00:00,SPY,440.78,444.03,428.86,433.47,15043798.0
2022-01-27 15:30:00+00:00,SPY,438.23,441.59,430.08,430.26,8454620.0
2022-01-27 19:30:00+00:00,SPY,430.33,434.27,429.45,431.22,6763931.0
2022-01-28 15:30:00+00:00,SPY,432.68,437.52,427.82,435.62,8898102.0
2022-01-28 19:30:00+00:00,SPY,435.65,442.0,431.84,441.92,6686494.0
2022-01-31 15:30:00+00:00,SPY,441.24,447.61,439.83,446.87,5042237.0
2022-01-31 19:30:00+00:00,SPY,446.95,450.27,445.71,449.81,3346956.0
2022-02-01 15:30:00+00:00,SPY,450.68,451.02,446.95,450.335,4840385.0
2022-02-01 19:30:00+00:00,SPY,450.32,453.62,449.52,452.94,3058466.0
2022-02-02 15:30:00+00:00,SPY,455.5,456.86,453.06,455.66,3586166.0
2022-02-02 19:30:00+00:00,SPY,455.66,458.12,455.49,457.3,3359326.0
2022-02-03 15:30:00+00:00,SPY,450.95,452.96,449.05,450.06,4642754.0
2022-02-03 19:30:00+00:00,SPY,450.06,450.7,445.72,446.68,3761201.0
2022-02-04 15:30:00+00:00,SPY,446.35,450.39,443.86,449.74,4637063.0
2022-02-04 19:30:00+00:00,SPY,449.76,452.77,448.58,448.73,3684811.0
2022-02-07 15:30:00+00:00,SPY,449.51,450.86,446.77,448.99,3331437.0
2022-02-07 19:30:00+00:00,SPY,449.02,450.99,445.85,447.24,2708457.0
2022-02-08 15:30:00+00:00,SPY,446.74,451.26,445.24,449.85,3116776.0
2022-02-08 19:30:00+00:00,SPY,449.86,451.91,448.11,450.89,2376455.0
2022-02-09 15:30:00+00:00,SPY,455.22,457.02,455.02,456.55,3158483.0
2022-02-09 19:30:00+00:00,SPY,456.57,457.8,455.76,457.51,2550626.0
2022-02-10 15:30:00+00:00,SPY,451.34,457.7,451.32,451.51,6131299.0
2022-02-10 19:30:00+00:00,SPY,451.5,452.22,447.2,449.36,5114415.0
2022-02-11 15:30:00+00:00,SPY,449.41,451.6,445.68,445.68,4270811.0
2022-02-11 19:30:00+00:00,SPY,445.68,445.74,438.95,440.5,10185223.0
2022-02-14 15:30:00+00:00,SPY,439.92,441.6,437.36,439.93,5623124.0
2022-02-14 19:30:00+00:00,SPY,439.91,440.2,435.34,439.04,6340144.0
2022-02-15 15:30:00+00:00,SPY,443.72,445.99,443.19,445.38,3561484.0
2022-02-15 19:30:00+00:00,SPY,445.38,446.28,443.86,446.08,3240219.0
2022-02-16 15:30:00+00:00,SPY,443.93,444.81,441.94,443.06,2541759.0
2022-02-16 19:30:00+00:00,SPY,443.08,448.055,442.02,446.62,3907778.0
2022-02-17 15:30:00+00:00,SPY,443.32,443.77,439.8,440.48,3523589.0
2022-02-17 19:30:00+00:00,SPY,440.44,440.89,436.43,437.11,3394768.0
2022-02-18 15:30:00+00:00,SPY,437.36,438.65,431.82,432.56,5237265.0
2022-02-18 19:30:00+00:00,SPY,432.56,437.4,432.41,434.26,4560550.0
2022-02-22 15:30:00+00:00,SPY,431.89,435.5,428.23,428.9,4815863.0
2022-02-22 19:30:00+00:00,SPY,428.79,432.88,425.86,429.65,5603126.0
2022-02-23 15:30:00+00:00,SPY,432.66,433.25,425.58,425.72,4703311.0
2022-02-23 19:30:00+00:00,SPY,425.71,427.27,421.36,421.97,5712703.0
2022-02-24 15:30:00+00:00,SPY,411.02,419.47,410.65,416.53,14409443.0
2022-02-24 19:30:00+00:00,SPY,416.56,428.76,416.44,428.31,10930571.0
2022-02-25 15:30:00+00:00,SPY,429.61,437.28,427.86,436.56,6935559.0
2022-02-25 19:30:00+00:00,SPY,436.58,437.84,435.02,437.7,5185391.0
2022-02-28 15:30:00+00:00,SPY,432.02,438.19,431.85,433.84,8768631.0
2022-02-28 19:30:00+00:00,SPY,433.82,436.94,430.7,436.66,7166051.0
2022-03-01 15:30:00+00:00,SPY,435.04,437.17,428.28,428.33,7276177.0
2022-03-01 19:30:00+00:00,SPY,428.3,432.29,427.11,430.0,6092636.0
2022-03-02 15:30:00+00:00,SPY,432.37,439.07,431.57,438.5,9334123.0
2022-03-02 19:30:00+00:00,SPY,438.56,439.55,437.64,437.85,4487406.0
2022-03-03 15:30:00+00:00,SPY,440.47,441.11,433.84,438.88,7481343.0
2022-03-03 19:30:00+00:00,SPY,438.86,439.27,433.92,435.72,3949010.0
2022-03-04 15:30:00+00:00,SPY,431.75,433.37,427.89,431.77,7187643.0
2022-03-04 19:30:00+00:00,SPY,431.78,432.86,429.21,432.22,4434796.0
2022-03-07 15:30:00+00:00,SPY,431.55,431.83,422.06,422.92,8028648.0
2022-03-07 19:30:00+00:00,SPY,422.89,424.05,419.36,419.45,5197836.0
2022-03-08 15:30:00+00:00,SPY,419.62,427.2,415.12,423.71,10655747.0
2022-03-08 19:30:00+00:00,SPY,423.75,423.75,416.255,416.3,7355004.0
2022-03-09 15:30:00+00:00,SPY,425.14,428.74,422.85,428.29,6232090.0
2022-03-09 19:30:00+00:00,SPY,428.32,429.5,426.3,427.41,3688355.0
2022-03-10 15:30:00+00:00,SPY,422.52,425.27,420.45,422.38,5108828.0
2022-03-10 19:30:00+00:00,SPY,422.38,426.42,422.105,425.47,3525562.0
2022-03-11 15:30:00+00:00,SPY,428.12,428.76,423.01,425.0,4993459.0
2022-03-11 19:30:00+00:00,SPY,424.97,425.5,419.55,420.08,3827393.0
2022-03-14 14:30:00+00:00,SPY,420.89,424.5,417.31,417.44,5380351.0
2022-03-14 18:30:00+00:00,SPY,417.44,418.2,415.8,417.05,3729362.0
2022-03-15 14:30:00+00:00,SPY,419.77,424.4,418.43,422.13,4553486.0
2022-03-15 18:30:00+00:00,SPY,422.13,426.83,421.38,426.12,3040076.0
2022-03-16 14:30:00+00:00,SPY,429.89,434.54,429.8,430.64,4473791.0
2022-03-16 18:30:00+00:00,SPY,430.64,435.68,424.8,435.61,6058787.0
2022-03-17 14:30:00+00:00,SPY,433.59,438.74,433.23,438.67,2884229.0
2022-03-17 18:30:00+00:00,SPY,438.71,441.06,438.13,441.02,2813542.0
2022-03-18 14:30:00+00:00,SPY,438.0,442.29,437.22,442.27,2155034.0
2022-03-18 18:30:00+00:00,SPY,442.295,444.86,441.48,444.46,2264196.0
2022-03-21 14:30:00+00:00,SPY,444.39,446.455,440.68,441.27,3495580.0
2022-03-21 18:30:00+00:00,SPY,441.23,444.48,441.23,444.42,2076461.0
2022-03-22 14:30:00+00:00,SPY,445.86,449.68,445.86,449.0,2214447.0
2022-03-22 18:30:00+00:00,SPY,449.03,450.56,448.13,449.57,2236308.0
2022-03-23 14:30:00+00:00,SPY,446.91,448.48,444.93,445.06,2654699.0
2022-03-23 18:30:00+00:00,SPY,444.995,446.29,443.79,443.84,2698781.0
2022-03-24 14:30:00+00:00,SPY,445.89,448.94,444.78,448.15,2331131.0
2022-03-24 18:30:00+00:00,SPY,448.16,450.45,447.43,450.41,1907997.0
2022-03-25 14:30:00+00:00,SPY,451.17,452.98,448.44,449.98,2731687.0
2022-03-25 18:30:00+00:00,SPY,449.97,452.79,449.71,452.65,2050611.0
2022-03-28 15:30:00+00:00,SPY,452.06,453.64,450.06,452.31,2030416.0
2022-03-28 19:30:00+00:00,SPY,452.35,455.89,452.15,455.86,1778667.0
2022-03-29 15:30:00+00:00,SPY,460.02,461.24,457.19,458.14,3351740.0
2022-03-29 19:30:00+00:00,SPY,458.25,462.07,457.97,461.6,2155066.0
2022-03-30 15:30:00+00:00,SPY,460.34,461.19,458.64,458.99,2246127.0
2022-03-30 19:30:00+00:00,SPY,458.96,459.33,456.47,458.72,2202926.0
2022-03-31 15:30:00+00:00,SPY,457.88,458.75,456.28,456.95,1821087.0
2022-03-31 19:30:00+00:00,SPY,456.96,457.47,451.51,451.68,4790953.0
2022-04-01 15:30:00+00:00,SPY,453.31,453.46,449.14,449.65,2429681.0
2022-04-01 19:30:00+00:00,SPY,449.64,453.18,449.59,452.88,3260023.0
2022-04-04 15:30:00+00:00,SPY,453.13,455.71,452.29,455.25,1872905.0
2022-04-04 19:30:00+00:00,SPY,455.26,456.83,454.99,456.77,1610160.0
2022-04-05 15:30:00+00:00,SPY,455.22,457.825,452.67,454.18,2675117.0
2022-04-05 19:30:00+00:00,SPY,454.19,454.21,449.82,451.04,2185077.0
2022-04-06 15:30:00+00:00,SPY,446.89,447.58,444.51,445.8,2756284.0
2022-04-06 19:30:00+00:00,SPY,445.81,448.93,443.47,446.56,5267757.0
2022-04-07 15:30:00+00:00,SPY,445.59,447.72,443.54,446.54,2896955.0
2022-04-07 19:30:00+00:00,SPY,446.58,450.69,445.92,448.75,2853250.0
2022-04-08 15:30:00+00:00,SPY,447.97,450.61,445.95,449.22,2530735.0
2022-04-08 19:30:00+00:00,SPY,449.27,449.37,446.69,447.62,2474919.0
2022-04-11 15:30:00+00:00,SPY,444.11,445.0,441.37,441.73,2921901.0
2022-04-11 19:30:00+00:00,SPY,441.7,443.0,439.395,439.95,2822912.0
2022-04-12 15:30:00+00:00,SPY,443.08,445.72,441.17,441.64,3416751.0
2022-04-12 19:30:00+00:00,SPY,441.69,441.91,436.66,438.24,3141440.0
2022-04-13 15:30:00+00:00,SPY,438.03,442.83,437.84,442.37,2658930.0
2022-04-13 19:30:00+00:00,SPY,442.43,444.1,441.53,443.35,1548542.0
2022-04-14 15:30:00+00:00,SPY,443.55,444.72,439.47,440.0,2702764.0
2022-04-14 19:30:00+00:00,SPY,440.0,441.82,437.68,437.86,3118604.0
2022-04-18 15:30:00+00:00,SPY,436.81,439.5,435.62,437.24,2377092.0
2022-04-18 19:30:00+00:00,SPY,437.28,439.72,435.65,437.99,2043463.0
2022-04-19 15:30:00+00:00,SPY,437.86,444.27,437.69,442.69,2040924.0
2022-04-19 19:30:00+00:00,SPY,442.69,445.79,442.44,445.01,2425727.0
2022-04-20 15:30:00+00:00,SPY,446.92,447.56,444.39,446.14,2491687.0
2022-04-20 19:30:00+00:00,SPY,446.1,447.19,443.49,444.67,1941174.0
2022-04-21 15:30:00+00:00,SPY,448.54,450.01,441.38,443.17,2555010.0
2022-04-21 19:30:00+00:00,SPY,443.28,443.615,437.11,438.03,3208644.0
2022-04-22 15:30:00+00:00,SPY,436.89,437.23,429.54,430.06,3589099.0
2022-04-22 19:30:00+00:00,SPY,429.99,430.39,425.46,426.09,4962512.0
2022-04-25 15:30:00+00:00,SPY,423.67,424.38,418.84,423.0,4661086.0
2022-04-25 19:30:00+00:00,SPY,422.82,428.69,421.76,428.5,3078531.0
2022-04-26 15:30:00+00:00,SPY,425.83,426.03,419.02,419.19,3887988.0
2022-04-26 19:30:00+00:00,SPY,419.12,421.18,416.07,416.105,3936526.0
2022-04-27 15:30:00+00:00,SPY,417.24,422.92,415.02,421.58,6538116.0
2022-04-27 19:30:00+00:00,SPY,421.55,422.12,416.54,417.25,4105677.0
2022-04-28 15:30:00+00:00,SPY,422.29,427.3,417.6,426.87,4699831.0
2022-04-28 19:30:00+00:00,SPY,426.92,429.63,426.33,427.79,4109919.0
2022-04-29 15:30:00+00:00,SPY,423.59,425.86,417.22,418.65,4022873.0
2022-04-29 19:30:00+00:00,SPY,418.68,419.78,411.21,412.04,6619308.0
2022-05-02 15:30:00+00:00,SPY,412.07,415.91,408.03,408.7,6989469.0
2022-05-02 19:30:00+00:00,SPY,408.57,414.66,405.02,414.49,6920287.0
2022-05-03 15:30:00+00:00,SPY,415.01,418.93,413.37,417.67,5029064.0
2022-05-03 19:30:00+00:00,SPY,417.78,418.62,414.12,416.39,3624058.0
2022-05-04 15:30:00+00:00,SPY,417.08,418.47,413.71,417.33,2778209.0
2022-05-04 19:30:00+00:00,SPY,417.32,429.65,414.12,428.99,10635464.0
2022-05-05 15:30:00+00:00,SPY,424.53,424.62,411.02,414.88,7087683.0
2022-05-05 19:30:00+00:00,SPY,414.86,415.92,409.44,413.86,6950436.0
2022-05-06 15:30:00+00:00,SPY,411.1,414.8,405.73,412.085,7959846.0
2022-05-06 19:30:00+00:00,SPY,412.05,412.94,407.36,411.4,5923849.0
2022-05-09 15:30:00+00:00,SPY,405.1,406.4,399.35,401.57,6527594.0
2022-05-09 19:30:00+00:00,SPY,401.58,402.575,396.5,398.23,5230078.0
2022-05-10 15:30:00+00:00,SPY,404.49,406.08,394.82,398.53,5143891.0
2022-05-10 19:30:00+00:00,SPY,398.5,403.25,398.1,399.05,4817355.0
2022-05-11 15:30:00+00:00,SPY,398.07,404.03,395.49,395.61,6042773.0
2022-05-11 19:30:00+00:00,SPY,395.61,398.16,391.97,392.77,4750619.0
2022-05-12 15:30:00+00:00,SPY,389.37,395.8,386.96,389.36,4306876.0
2022-05-12 19:30:00+00:00,SPY,389.09,392.58,385.16,392.38,2305335.0
2022-05-13 15:30:00+00:00,SPY,396.7,403.17,395.62,400.87,2615936.0
2022-05-13 19:30:00+00:00,SPY,400.88,402.55,397.18,401.68,2283086.0
2022-05-16 15:30:00+00:00,SPY,399.97,402.27,397.61,402.21,2067472.0
2022-05-16 19:30:00+00:00,SPY,402.17,403.94,399.33,400.23,2175242.0
2022-05-17 15:30:00+00:00,SPY,406.53,407.15,402.61,406.42,2102364.0
2022-05-17 19:30:00+00:00,SPY,406.47,408.53,403.55,408.27,2794408.0
2022-05-18 15:30:00+00:00,SPY,403.5,403.79,393.95,394.39,2851270.0
2022-05-18 19:30:00+00:00,SPY,394.35,394.94,390.56,391.93,3636014.0
2022-05-19 15:30:00+00:00,SPY,388.62,393.33,387.11,389.59,3988151.0
2022-05-19 19:30:00+00:00,SPY,389.65,394.14,388.49,389.45,3202938.0
2022-05-20 15:30:00+00:00,SPY,393.25,393.81,380.6,380.67,3671088.0
2022-05-20 19:30:00+00:00,SPY,380.63,389.93,380.55,389.59,4540052.0
2022-05-23 15:30:00+00:00,SPY,392.83,397.58,390.4,395.12,2331434.0
2022-05-23 19:30:00+00:00,SPY,395.14,397.72,394.75,396.95,1765373.0
2022-05-24 15:30:00+00:00,SPY,392.56,393.56,386.96,389.99,2371476.0
2022-05-24 19:30:00+00:00,SPY,389.98,395.11,389.17,394.01,2288000.0
2022-05-25 15:30:00+00:00,SPY,392.31,397.44,391.9,394.44,1777976.0
2022-05-25 19:30:00+00:00,SPY,394.39,399.45,392.57,397.55,3128586.0
2022-05-26 15:30:00+00:00,SPY,398.67,407.0,398.5,405.6,2607496.0
2022-05-26 19:30:00+00:00,SPY,405.64,407.03,404.54,405.29,2982645.0
2022-05-27 15:30:00+00:00,SPY,407.91,412.87,407.7,412.38,2272330.0
2022-05-27 19:30:00+00:00,SPY,412.41,415.38,411.89,415.34,2398456.0
2022-05-31 15:30:00+00:00,SPY,413.55,415.76,410.05,414.0,2797445.0
2022-05-31 19:30:00+00:00,SPY,413.97,416.44,412.07,412.95,2897731.0
2022-06-01 15:30:00+00:00,SPY,415.17,416.24,406.93,409.23,1919199.0
2022-06-01 19:30:00+00:00,SPY,409.13,412.54,408.81,409.62,1761344.0
2022-06-02 15:30:00+00:00,SPY,409.42,414.66,407.04,414.33,2281505.0
2022-06-02 19:30:00+00:00,SPY,414.33,417.435,414.22,417.37,2182051.0
2022-06-03 15:30:00+00:00,SPY,412.4,414.04,409.53,411.51,2152626.0
2022-06-03 19:30:00+00:00,SPY,411.47,412.12,409.815,410.54,1854858.0
2022-06-06 15:30:00+00:00,SPY,414.79,416.6,410.85,411.95,1987341.0
2022-06-06 19:30:00+00:00,SPY,411.86,413.83,410.56,411.76,1204806.0
2022-06-07 15:30:00+00:00,SPY,408.1,413.65,407.62,413.34,2874632.0
2022-06-07 19:30:00+00:00,SPY,413.38,416.21,412.91,415.7,2156588.0
2022-06-08 15:30:00+00:00,SPY,413.91,415.81,411.57,411.81,2848400.0
2022-06-08 19:30:00+00:00,SPY,411.78,412.48,410.38,411.28,2547716.0
2022-06-09 15:30:00+00:00,SPY,409.34,411.74,408.11,409.26,2656096.0
2022-06-09 19:30:00+00:00,SPY,409.3,409.47,401.45,401.47,3256535.0
2022-06-10 15:30:00+00:00,SPY,394.88,395.77,389.87,391.52,5284672.0
2022-06-10 19:30:00+00:00,SPY,391.53,394.25,389.75,389.82,4584988.0
2022-06-13 15:30:00+00:00,SPY,379.85,381.81,374.94,377.46,5352895.0
2022-06-13 19:30:00+00:00,SPY,377.5,379.97,373.3,375.01,5485917.0
2022-06-14 15:30:00+00:00,SPY,376.85,377.92,372.6,374.84,5068070.0
2022-06-14 19:30:00+00:00,SPY,374.84,375.05,370.59,373.83,3849499.0
2022-06-15 15:30:00+00:00,SPY,377.35,379.5,376.03,377.44,3170419.0
2022-06-15 19:30:00+00:00,SPY,377.46,383.88,372.14,379.15,8235072.0
2022-06-16 15:30:00+00:00,SPY,370.51,370.93,365.78,368.45,4518284.0
2022-06-16 19:30:00+00:00,SPY,368.45,368.74,364.09,366.88,4844321.0
2022-06-17 15:30:00+00:00,SPY,365.48,369.38,362.16,367.23,4380904.0
2022-06-17 19:30:00+00:00,SPY,367.25,369.0,365.65,365.84,3257611.0
2022-06-21 15:30:00+00:00,SPY,371.86,376.28,371.82,375.21,2744588.0
2022-06-21 19:30:00+00:00,SPY,375.205,376.52,374.52,375.08,2336039.0
2022-06-22 15:30:00+00:00,SPY,370.62,377.96,370.19,377.07,3683884.0
2022-06-22 19:30:00+00:00,SPY,377.07,378.71,374.23,374.38,3236458.0
2022-06-23 15:30:00+00:00,SPY,376.64,378.2,372.9,373.9,3423552.0
2022-06-23 19:30:00+00:00,SPY,373.85,378.84,373.32,378.11,2204969.0
2022-06-24 15:30:00+00:00,SPY,381.4,387.62,381.36,387.28,2681012.0
2022-06-24 19:30:00+00:00,SPY,387.24,390.08,386.78,390.05,2612737.0
2022-06-27 15:30:00+00:00,SPY,391.05,391.33,387.52,389.22,2675551.0
2022-06-27 19:30:00+00:00,SPY,389.14,389.36,387.44,388.67,1857222.0
2022-06-28 15:30:00+00:00,SPY,390.19,393.16,382.52,383.53,2957336.0
2022-06-28 19:30:00+00:00,SPY,383.49,383.77,380.53,380.72,2519976.0
2022-06-29 15:30:00+00:00,SPY,381.23,382.26,378.42,379.56,3062045.0
2022-06-29 19:30:00+00:00,SPY,379.59,381.7,379.16,380.37,1847907.0
2022-06-30 15:30:00+00:00,SPY,376.24,380.64,372.57,378.99,3629188.0
2022-06-30 19:30:00+00:00,SPY,379.02,380.48,375.1,377.27,3915948.0
2022-07-01 15:30:00+00:00,SPY,376.56,380.01,373.8,376.78,3046476.0
2022-07-01 19:30:00+00:00,SPY,376.81,381.69,376.69,381.2,2104988.0
2022-07-05 15:30:00+00:00,SPY,375.88,377.42,372.91,376.99,3166283.0
2022-07-05 19:30:00+00:00,SPY,377.01,381.97,376.69,381.97,2212588.0
2022-07-06 15:30:00+00:00,SPY,382.11,383.65,379.6,381.37,2221078.0
2022-07-06 19:30:00+00:00,SPY,381.37,385.87,380.7,383.31,2681496.0
2022-07-07 15:30:00+00:00,SPY,385.12,388.4,385.12,387.46,1737585.0
2022-07-07 19:30:00+00:00,SPY,387.47,389.82,387.37,388.95,2107275.0
2022-07-08 15:30:00+00:00,SPY,387.27,390.635,385.66,388.29,2371909.0
2022-07-08 19:30:00+00:00,SPY,388.3,390.35,387.95,388.71,2106307.0
2022-07-11 15:30:00+00:00,SPY,385.82,386.87,383.66,386.1,1749281.0
2022-07-11 19:30:00+00:00,SPY,386.12,386.81,383.51,384.25,1720746.0
2022-07-12 15:30:00+00:00,SPY,383.65,386.15,382.525,384.07,1947803.0
2022-07-12 19:30:00+00:00,SPY,384.085,384.61,379.0,380.85,2001995.0
2022-07-13 15:30:00+00:00,SPY,375.1,381.92,374.66,380.71,3161633.0
2022-07-13 19:30:00+00:00,SPY,380.74,381.46,378.55,378.87,2139424.0
2022-07-14 15:30:00+00:00,SPY,373.66,375.98,371.06,375.12,2713036.0
2022-07-14 19:30:00+00:00,SPY,375.1,378.56,374.38,377.95,1961180.0
2022-07-15 15:30:00+00:00,SPY,382.55,384.84,380.55,384.6,2514048.0
2022-07-15 19:30:00+00:00,SPY,384.59,385.25,383.6,385.1,1563895.0
2022-07-18 15:30:00+00:00,SPY,388.38,389.09,386.53,387.09,1447762.0
2022-07-18 19:30:00+00:00,SPY,387.09,387.12,380.665,382.0,1916983.0
2022-07-19 15:30:00+00:00,SPY,386.04,390.52,385.4,390.1,2074980.0
2022-07-19 19:30:00+00:00,SPY,390.15,392.86,390.1,392.24,2850659.0
2022-07-20 15:30:00+00:00,SPY,392.43,396.26,391.04,393.85,2509419.0
2022-07-20 19:30:00+00:00,SPY,393.88,395.83,392.42,394.81,1553850.0
2022-07-21 15:30:00+00:00,SPY,394.16,397.65,391.63,396.57,2310214.0
2022-07-21 19:30:00+00:00,SPY,396.64,398.84,395.66,398.82,1981960.0
2022-07-22 15:30:00+00:00,SPY,398.92,400.18,393.94,394.25,2412706.0
2022-07-22 19:30:00+00:00,SPY,394.16,395.2,392.75,395.11,2202936.0
2022-07-25 15:30:00+00:00,SPY,395.75,396.47,393.77,395.45,1728443.0
2022-07-25 19:30:00+00:00,SPY,395.46,395.75,393.23,395.54,1396558.0
2022-07-26 15:30:00+00:00,SPY,393.84,394.05,390.42,392.25,1962936.0
2022-07-26 19:30:00+00:00,SPY,392.2,392.34,389.96,390.92,1500418.0
2022-07-27 15:30:00+00:00,SPY,394.35,397.07,394.07,396.19,1604282.0
2022-07-27 19:30:00+00:00,SPY,396.21,402.88,395.47,401.01,3756801.0
2022-07-28 15:30:00+00:00,SPY,401.89,405.09,398.17,405.05,2605340.0
2022-07-28 19:30:00+00:00,SPY,405.07,406.79,404.98,406.02,1949201.0
2022-07-29 15:30:00+00:00,SPY,407.58,410.99,406.78,410.07,2057598.0
2022-07-29 19:30:00+00:00,SPY,410.08,413.02,410.05,412.04,2976213.0
2022-08-01 15:30:00+00:00,SPY,409.15,413.39,408.42,410.15,2214267.0
2022-08-01 19:30:00+00:00,SPY,410.13,411.83,409.07,410.73,2461632.0
2022-08-02 15:30:00+00:00,SPY,409.12,413.0,406.84,410.73,2257058.0
2022-08-02 19:30:00+00:00,SPY,410.69,410.81,407.93,408.11,1981045.0
2022-08-03 15:30:00+00:00,SPY,410.33,414.76,410.0,414.59,2009577.0
2022-08-03 19:30:00+00:00,SPY,414.62,415.67,414.14,414.42,2223709.0
2022-08-04 15:30:00+00:00,SPY,414.36,415.08,412.44,414.3,1883733.0
2022-08-04 19:30:00+00:00,SPY,414.25,414.98,413.6,414.16,1248563.0
2022-08-05 15:30:00+00:00,SPY,409.69,414.15,409.6,412.74,2682628.0
2022-08-05 19:30:00+00:00,SPY,412.72,413.71,411.43,413.45,1574596.0
2022-08-08 15:30:00+00:00,SPY,415.25,417.62,412.39,413.16,3057550.0
2022-08-08 19:30:00+00:00,SPY,413.16,413.99,411.83,413.02,1509096.0
2022-08-09 15:30:00+00:00,SPY,412.22,412.75,410.39,411.09,2082740.0
2022-08-09 19:30:00+00:00,SPY,411.19,411.73,410.22,411.33,1780645.0
2022-08-10 15:30:00+00:00,SPY,418.77,420.04,416.73,419.0,2848591.0
2022-08-10 19:30:00+00:00,SPY,419.03,420.14,418.37,419.95,1999402.0
2022-08-11 15:30:00+00:00,SPY,422.99,424.94,421.11,422.44,2536306.0
2022-08-11 19:30:00+00:00,SPY,422.47,422.63,419.22,420.01,2029486.0
2022-08-12 15:30:00+00:00,SPY,422.03,424.66,421.04,424.57,2396888.0
2022-08-12 19:30:00+00:00,SPY,424.63,427.21,424.475,427.07,2405958.0
2022-08-15 15:30:00+00:00,SPY,424.77,429.02,424.72,428.61,2369226.0
2022-08-15 19:30:00+00:00,SPY,428.65,429.39,428.1,428.87,1827107.0
2022-08-16 15:30:00+00:00,SPY,427.73,430.52,426.88,430.32,2378646.0
2022-08-16 19:30:00+00:00,SPY,430.34,431.73,428.15,429.69,2810410.0
2022-08-17 15:30:00+00:00,SPY,425.91,427.53,424.54,426.9,2228726.0
2022-08-17 19:30:00+00:00,SPY,426.89,429.5,426.17,426.67,2378012.0
2022-08-18 15:30:00+00:00,SPY,426.86,428.15,425.5,427.01,2380011.0
2022-08-18 19:30:00+00:00,SPY,427.03,428.605,426.76,427.83,1849207.0
2022-08-19 15:30:00+00:00,SPY,424.98,425.25,421.73,422.78,2701659.0
2022-08-19 19:30:00+00:00,SPY,422.76,422.99,421.22,422.15,1946877.0
2022-08-22 15:30:00+00:00,SPY,417.05,417.23,414.08,414.12,2480314.0
2022-08-22 19:30:00+00:00,SPY,414.12,414.15,412.4,413.38,2237815.0
2022-08-23 15:30:00+00:00,SPY,412.9,415.41,411.77,413.34,2353017.0
2022-08-23 19:30:00+00:00,SPY,413.37,413.61,412.05,412.33,1565086.0
2022-08-24 15:30:00+00:00,SPY,412.14,415.11,411.39,412.58,2225300.0
2022-08-24 19:30:00+00:00,SPY,412.57,414.46,412.48,413.63,1723810.0
2022-08-25 15:30:00+00:00,SPY,415.23,417.85,414.09,416.15,1973433.0
2022-08-25 19:30:00+00:00,SPY,416.15,419.56,416.07,419.51,2083430.0
2022-08-26 15:30:00+00:00,SPY,419.39,419.94,409.36,410.07,4543014.0
2022-08-26 19:30:00+00:00,SPY,410.05,410.09,405.25,405.34,3507028.0
2022-08-29 15:30:00+00:00,SPY,402.21,405.27,401.2,404.48,3272421.0
2022-08-29 19:30:00+00:00,SPY,404.44,405.83,402.4,402.62,1760153.0
2022-08-30 15:30:00+00:00,SPY,403.85,404.1,396.38,397.17,4257584.0
2022-08-30 19:30:00+00:00,SPY,397.18,399.37,396.0,398.17,3468852.0
2022-08-31 15:30:00+00:00,SPY,399.96,401.225,396.64,397.09,3404289.0
2022-08-31 19:30:00+00:00,SPY,397.09,397.94,395.04,395.13,2705250.0
2022-09-01 15:30:00+00:00,SPY,392.88,393.43,390.04,392.96,3385563.0
2022-09-01 19:30:00+00:00,SPY,393.02,396.77,391.83,396.41,2615121.0
2022-09-02 15:30:00+00:00,SPY,400.28,401.545,393.27,393.52,4893726.0
2022-09-02 19:30:00+00:00,SPY,393.42,394.41,390.335,392.24,3900242.0
2022-09-06 15:30:00+00:00,SPY,393.14,394.12,388.42,389.54,3978149.0
2022-09-06 19:30:00+00:00,SPY,389.53,391.78,389.16,390.79,2640216.0
2022-09-07 15:30:00+00:00,SPY,390.43,395.39,390.21,394.68,3128896.0
2022-09-07 19:30:00+00:00,SPY,394.74,398.58,394.62,397.78,2732784.0
2022-09-08 15:30:00+00:00,SPY,395.35,400.85,394.16,399.14,4762511.0
2022-09-08 19:30:00+00:00,SPY,399.25,400.47,397.86,400.36,2391646.0
2022-09-09 15:30:00+00:00,SPY,402.73,406.6,402.48,406.28,3726415.0
2022-09-09 19:30:00+00:00,SPY,406.28,407.51,405.97,406.56,2282281.0
2022-09-12 15:30:00+00:00,SPY,408.78,411.73,408.46,410.98,3220975.0
2022-09-12 19:30:00+00:00,SPY,411.02,411.08,409.47,410.92,1877551.0
2022-09-13 15:30:00+00:00,SPY,401.77,403.1,397.6,399.46,3347178.0
2022-09-13 19:30:00+00:00,SPY,399.44,399.65,391.92,393.11,3880870.0
2022-09-14 15:30:00+00:00,SPY,394.47,396.2,391.77,395.0,2651294.0
2022-09-14 19:30:00+00:00,SPY,395.01,395.15,391.13,394.61,2942671.0
2022-09-15 15:30:00+00:00,SPY,392.96,395.955,390.22,394.06,3284139.0
2022-09-15 19:30:00+00:00,SPY,394.02,394.1,388.78,390.14,2692791.0
2022-09-16 15:30:00+00:00,SPY,384.14,385.89,382.12,382.96,3765037.0
2022-09-16 19:30:00+00:00,SPY,382.94,386.24,382.46,385.64,3310270.0
2022-09-19 15:30:00+00:00,SPY,382.26,387.16,382.1,386.08,2615703.0
2022-09-19 19:30:00+00:00,SPY,386.06,388.54,384.68,388.53,2417518.0
2022-09-20 15:30:00+00:00,SPY,385.06,386.1,382.6,382.66,3014159.0
2022-09-20 19:30:00+00:00,SPY,382.64,385.47,381.21,384.12,2504241.0
2022-09-21 15:30:00+00:00,SPY,386.12,387.25,385.4,385.98,1622663.0
2022-09-21 19:30:00+00:00,SPY,386.05,389.29,377.39,377.39,8104288.0
2022-09-22 15:30:00+00:00,SPY,376.58,377.64,373.45,374.93,2928719.0
2022-09-22 19:30:00+00:00,SPY,374.93,377.54,373.72,374.23,2484014.0
2022-09-23 15:30:00+00:00,SPY,370.58,370.6,364.83,365.76,4165896.0
2022-09-23 19:30:00+00:00,SPY,365.78,368.23,363.29,367.92,3912562.0
2022-09-26 15:30:00+00:00,SPY,366.41,370.2,363.03,363.67,3534079.0
2022-09-26 19:30:00+00:00,SPY,363.62,366.86,363.18,364.31,2967206.0
2022-09-27 15:30:00+00:00,SPY,368.02,370.4,361.19,361.91,4930327.0
2022-09-27 19:30:00+00:00,SPY,361.83,364.58,360.88,363.39,2524615.0
2022-09-28 15:30:00+00:00,SPY,364.38,369.99,362.6,369.25,4036057.0
2022-09-28 19:30:00+00:00,SPY,369.265,372.3,368.245,370.53,3204529.0
2022-09-29 15:30:00+00:00,SPY,366.81,367.09,360.59,361.73,4593149.0
2022-09-29 19:30:00+00:00,SPY,361.71,363.25,359.72,362.79,3970837.0
2022-09-30 15:30:00+00:00,SPY,361.79,365.91,360.18,362.69,4320002.0
2022-09-30 19:30:00+00:00,SPY,362.67,362.91,357.11,357.18,5690900.0
2022-10-03 15:30:00+00:00,SPY,361.08,365.64,359.24,365.3,3505488.0
2022-10-03 19:30:00+00:00,SPY,365.33,368.55,365.28,366.6,3104786.0
2022-10-04 15:30:00+00:00,SPY,372.36,377.65,372.32,375.32,3750488.0
2022-10-04 19:30:00+00:00,SPY,375.34,377.99,375.14,377.95,2991798.0
2022-10-05 15:30:00+00:00,SPY,373.39,377.52,370.95,376.64,3233090.0
2022-10-05 19:30:00+00:00,SPY,376.66,379.46,375.68,377.15,2577070.0
2022-10-06 15:30:00+00:00,SPY,375.62,378.7,373.41,375.82,3485714.0
2022-10-06 19:30:00+00:00,SPY,375.79,375.79,372.68,373.22,2259779.0
2022-10-07 15:30:00+00:00,SPY,368.97,369.35,363.12,363.84,3205091.0
2022-10-07 19:30:00+00:00,SPY,363.83,364.37,360.95,362.79,3989446.0
2022-10-10 15:30:00+00:00,SPY,363.96,364.21,357.67,358.98,2794932.0
2022-10-10 19:30:00+00:00,SPY,358.95,362.36,358.91,360.07,1945861.0
2022-10-11 15:30:00+00:00,SPY,358.24,363.02,355.82,361.38,3282335.0
2022-10-11 19:30:00+00:00,SPY,361.34,362.16,355.71,357.74,3307207.0
2022-10-12 15:30:00+00:00,SPY,358.17,359.8,356.3,358.3,2634016.0
2022-10-12 19:30:00+00:00,SPY,358.32,359.4,356.5,356.54,2589656.0
2022-10-13 15:30:00+00:00,SPY,349.23,365.73,348.11,365.27,7068604.0
2022-10-13 19:30:00+00:00,SPY,365.35,367.51,363.96,365.96,3647988.0
2022-10-14 15:30:00+00:00,SPY,368.55,370.26,358.45,359.42,5602279.0
2022-10-14 19:30:00+00:00,SPY,359.39,360.17,356.96,357.67,3750682.0
2022-10-17 15:30:00+00:00,SPY,364.01,367.97,363.97,367.02,3943449.0
2022-10-17 19:30:00+00:00,SPY,367.07,367.91,366.24,366.82,2925381.0
2022-10-18 15:30:00+00:00,SPY,375.13,375.45,367.53,371.22,4440150.0
2022-10-18 19:30:00+00:00,SPY,371.23,372.37,368.11,371.15,3214091.0
2022-10-19 15:30:00+00:00,SPY,368.99,371.85,365.55,366.61,3798373.0
2022-10-19 19:30:00+00:00,SPY,366.59,368.72,366.09,368.57,2589254.0
2022-10-20 15:30:00+00:00,SPY,368.03,372.65,366.37,367.15,3609333.0
2022-10-20 19:30:00+00:00,SPY,367.12,367.19,364.61,365.42,2479771.0
2022-10-21 15:30:00+00:00,SPY,365.12,371.96,363.55,371.4,5342586.0
2022-10-21 19:30:00+00:00,SPY,371.35,374.79,371.23,374.3,3202637.0
2022-10-24 15:30:00+00:00,SPY,375.89,378.75,373.11,377.07,3869785.0
2022-10-24 19:30:00+00:00,SPY,377.02,380.06,376.62,378.86,2515932.0
2022-10-25 15:30:00+00:00,SPY,378.79,384.21,378.68,382.98,3409305.0
2022-10-25 19:30:00+00:00,SPY,382.995,385.24,382.5,384.89,2726964.0
2022-10-26 15:30:00+00:00,SPY,381.62,387.58,381.35,383.21,3743334.0
2022-10-26 19:30:00+00:00,SPY,383.2,384.33,381.48,382.09,3050718.0
2022-10-27 15:30:00+00:00,SPY,383.07,385.0,380.13,381.63,3547656.0
2022-10-27 19:30:00+00:00,SPY,381.63,381.81,379.34,379.97,2305229.0
2022-10-28 15:30:00+00:00,SPY,379.87,387.78,379.68,387.41,3622195.0
2022-10-28 19:30:00+00:00,SPY,387.41,389.52,387.21,389.05,2624523.0
2022-10-31 14:30:00+00:00,SPY,386.44,388.4,385.26,387.36,3267811.0
2022-10-31 18:30:00+00:00,SPY,387.34,387.71,385.51,386.29,3512097.0
2022-11-01 14:30:00+00:00,SPY,390.14,390.39,383.3,384.85,3695437.0
2022-11-01 18:30:00+00:00,SPY,384.87,385.8,384.27,384.52,2330483.0
2022-11-02 14:30:00+00:00,SPY,383.9,383.98,381.39,382.16,1531516.0
2022-11-02 18:30:00+00:00,SPY,382.17,388.63,374.84,374.87,8748235.0
2022-11-03 14:30:00+00:00,SPY,371.465,374.2,368.8,372.88,3336459.0
2022-11-03 18:30:00+00:00,SPY,372.87,373.66,370.93,371.01,1918513.0
2022-11-04 14:30:00+00:00,SPY,377.0,378.85,370.08,371.08,4001762.0
2022-11-04 18:30:00+00:00,SPY,371.1,376.46,370.0,376.35,2874643.0
2022-11-07 15:30:00+00:00,SPY,377.71,378.39,375.56,377.63,2521677.0
2022-11-07 19:30:00+00:00,SPY,377.66,380.57,377.14,379.94,2600129.0
2022-11-08 15:30:00+00:00,SPY,381.11,385.11,379.54,381.74,3038812.0
2022-11-08 19:30:00+00:00,SPY,381.67,384.05,377.73,381.98,3054477.0
2022-11-09 15:30:00+00:00,SPY,379.93,381.1,377.14,377.24,2753797.0
2022-11-09 19:30:00+00:00,SPY,377.15,377.15,373.62,374.14,3076530.0
2022-11-10 15:30:00+00:00,SPY,388.05,392.03,385.65,390.6,5200818.0
2022-11-10 19:30:00+00:00,SPY,390.61,395.04,390.09,394.64,3980414.0
2022-11-11 15:30:00+00:00,SPY,395.6,397.77,393.62,397.755,3094690.0
2022-11-11 19:30:00+00:00,SPY,397.76,399.33,397.24,398.5,2814829.0
2022-11-14 15:30:00+00:00,SPY,396.66,400.08,395.92,399.97,2440712.0
2022-11-14 19:30:00+00:00,SPY,399.97,400.17,394.83,395.18,2252121.0
2022-11-15 15:30:00+00:00,SPY,401.15,402.3,395.94,396.36,2533724.0
2022-11-15 19:30:00+00:00,SPY,396.26,399.5,394.5,398.54,3380781.0
2022-11-16 15:30:00+00:00,SPY,396.78,397.78,395.2,396.34,2134288.0
2022-11-16 19:30:00+00:00,SPY,396.29,396.55,394.79,395.51,2935784.0
2022-11-17 15:30:00+00:00,SPY,390.46,394.94,390.15,394.38,2541268.0
2022-11-17 19:30:00+00:00,SPY,394.37,394.88,391.65,394.28,2093049.0
2022-11-18 15:30:00+00:00,SPY,397.74,397.8,393.07,394.74,2523687.0
2022-11-18 19:30:00+00:00,SPY,394.76,397.0,393.4,396.08,3099792.0
2022-11-21 15:30:00+00:00,SPY,394.64,395.82,392.68,394.98,1635540.0
2022-11-21 19:30:00+00:00,SPY,395.0,395.61,394.015,394.58,1639668.0
2022-11-22 15:30:00+00:00,SPY,396.63,398.54,395.16,398.44,1523931.0
2022-11-22 19:30:00+00:00,SPY,398.45,400.07,398.15,399.88,2095920.0
2022-11-23 15:30:00+00:00,SPY,399.55,402.58,399.31,400.64,2174350.0
2022-11-23 19:30:00+00:00,SPY,400.71,402.92,400.24,402.41,2376420.0
2022-11-25 15:30:00+00:00,SPY,401.83,402.905,401.55,402.3,1724871.0
2022-11-25 19:30:00+00:00,SPY,402.33,402.45,402.16,402.45,4288.0
2022-11-28 15:30:00+00:00,SPY,399.09,400.81,397.47,397.81,2131610.0
2022-11-28 19:30:00+00:00,SPY,397.8,397.85,395.11,395.93,2068072.0
2022-11-29 15:30:00+00:00,SPY,396.05,397.24,393.33,394.03,2305407.0
2022-11-29 19:30:00+00:00,SPY,393.95,396.08,393.93,395.31,1439954.0
2022-11-30 15:30:00+00:00,SPY,395.46,396.2,393.51,394.82,1913874.0
2022-11-30 19:30:00+00:00,SPY,394.8,407.55,394.06,407.47,7351684.0
2022-12-01 15:30:00+00:00,SPY,408.8,410.0,404.75,406.66,3393894.0
2022-12-01 19:30:00+00:00,SPY,406.64,408.46,406.27,407.36,2243185.0
2022-12-02 15:30:00+00:00,SPY,402.25,406.24,402.2,404.89,3128655.0
2022-12-02 19:30:00+00:00,SPY,404.97,407.86,404.485,406.87,1991266.0
2022-12-05 15:30:00+00:00,SPY,403.95,404.93,400.03,400.36,2612406.0
2022-12-05 19:30:00+00:00,SPY,400.41,400.89,398.17,399.61,2223716.0
2022-12-06 15:30:00+00:00,SPY,399.44,399.96,392.82,392.93,2681012.0
2022-12-06 19:30:00+00:00,SPY,392.9,394.23,391.65,393.85,2616613.0
2022-12-07 15:30:00+00:00,SPY,392.94,395.65,391.97,394.16,2901655.0
2022-12-07 19:30:00+00:00,SPY,394.14,394.2,392.1,393.15,1721563.0
2022-12-08 15:30:00+00:00,SPY,395.13,397.36,393.5,396.48,1916363.0
2022-12-08 19:30:00+00:00,SPY,396.51,397.265,394.5,396.21,2380216.0
2022-12-09 15:30:00+00:00,SPY,394.94,397.61,394.16,395.83,2546654.0
2022-12-09 19:30:00+00:00,SPY,395.77,396.29,393.15,393.28,2789333.0
2022-12-12 15:30:00+00:00,SPY,394.11,396.24,393.42,395.46,2312248.0
2022-12-12 19:30:00+00:00,SPY,395.46,398.93,395.385,398.92,2487695.0
2022-12-13 15:30:00+00:00,SPY,410.21,410.36,399.07,401.83,5746089.0
2022-12-13 19:30:00+00:00,SPY,401.85,403.2,399.88,401.95,3862042.0
2022-12-14 15:30:00+00:00,SPY,401.59,405.04,401.58,404.085,2152292.0
2022-12-14 19:30:00+00:00,SPY,404.07,405.46,396.33,399.39,6353493.0
2022-12-15 15:30:00+00:00,SPY,394.31,395.24,387.91,388.4,3924116.0
2022-12-15 19:30:00+00:00,SPY,388.33,390.88,388.0,389.65,3367310.0
2022-12-16 15:30:00+00:00,SPY,385.18,386.54,381.04,381.16,3021017.0
2022-12-16 19:30:00+00:00,SPY,381.18,384.96,381.09,383.28,3345246.0
2022-12-19 15:30:00+00:00,SPY,383.54,383.8,380.42,381.08,2163471.0
2022-12-19 19:30:00+00:00,SPY,381.04,381.18,378.28,379.98,2719889.0
2022-12-20 15:30:00+00:00,SPY,379.22,382.13,377.86,381.49,2463205.0
2022-12-20 19:30:00+00:00,SPY,381.5,382.23,380.06,380.52,1759144.0
2022-12-21 15:30:00+00:00,SPY,383.25,387.29,382.7,385.76,2353243.0
2022-12-21 19:30:00+00:00,SPY,385.75,387.41,385.25,386.22,1748424.0
2022-12-22 15:30:00+00:00,SPY,383.06,383.36,375.22,375.49,2781233.0
2022-12-22 19:30:00+00:00,SPY,375.46,380.81,374.77,380.74,3172677.0
2022-12-23 15:30:00+00:00,SPY,379.65,382.83,378.03,382.055,2464600.0
2022-12-23 19:30:00+00:00,SPY,382.055,383.05,381.03,382.92,1427956.0
2022-12-27 15:30:00+00:00,SPY,382.79,383.13,379.655,381.96,2016049.0
2022-12-27 19:30:00+00:00,SPY,381.97,382.36,380.5,381.4,1600354.0
2022-12-28 15:30:00+00:00,SPY,381.33,383.38,377.31,379.34,2350056.0
2022-12-28 19:30:00+00:00,SPY,379.34,379.36,376.42,376.68,1862881.0
2022-12-29 15:30:00+00:00,SPY,379.66,384.23,379.09,383.6,2184018.0
2022-12-29 19:30:00+00:00,SPY,383.61,384.34,383.15,383.42,1679195.0
2022-12-30 15:30:00+00:00,SPY,380.64,381.58,378.44,379.35,2075213.0
2022-12-30 19:30:00+00:00,SPY,379.34,382.58,378.6,382.42,3679320.0
2023-01-03 15:30:00+00:00,SPY,384.34,386.43,377.88,379.51,2719267.0
2023-01-03 19:30:00+00:00,SPY,379.43,381.22,378.145,380.82,2078836.0
2023-01-04 15:30:00+00:00,SPY,383.18,385.88,380.0,384.82,3249697.0
2023-01-04 19:30:00+00:00,SPY,384.83,385.54,381.15,383.73,3447692.0
2023-01-05 15:30:00+00:00,SPY,381.72,381.83,378.76,380.77,2507325.0
2023-01-05 19:30:00+00:00,SPY,380.84,381.7,378.915,379.37,2061319.0
2023-01-06 15:30:00+00:00,SPY,382.61,386.72,379.5,386.13,3481537.0
2023-01-06 19:30:00+00:00,SPY,386.14,389.25,386.11,388.03,3359343.0
2023-01-09 15:30:00+00:00,SPY,390.37,393.69,389.35,392.07,1941967.0
2023-01-09 19:30:00+00:00,SPY,392.0,392.03,387.68,387.86,2215671.0
2023-01-10 15:30:00+00:00,SPY,387.26,389.99,386.27,388.93,1935401.0
2023-01-10 19:30:00+00:00,SPY,388.91,390.65,388.77,390.63,1853227.0
2023-01-11 15:30:00+00:00,SPY,392.27,394.26,391.38,393.83,2190478.0
2023-01-11 19:30:00+00:00,SPY,393.845,395.6,393.19,395.5,2325948.0
2023-01-12 15:30:00+00:00,SPY,396.67,398.36,392.42,396.22,2971968.0
2023-01-12 19:30:00+00:00,SPY,396.22,398.47,395.54,396.94,2180378.0
2023-01-13 15:30:00+00:00,SPY,393.62,396.92,393.37,396.42,2266447.0
2023-01-13 19:30:00+00:00,SPY,396.44,399.1,396.36,398.47,1683764.0
2023-01-17 15:30:00+00:00,SPY,398.51,400.23,397.07,398.16,2255134.0
2023-01-17 19:30:00+00:00,SPY,398.15,398.84,397.16,397.76,2011136.0
2023-01-18 15:30:00+00:00,SPY,399.01,400.11,392.53,393.3,3523427.0
2023-01-18 19:30:00+00:00,SPY,393.28,394.05,391.29,391.54,3015455.0
2023-01-19 15:30:00+00:00,SPY,389.35,390.41,387.27,389.11,2657485.0
2023-01-19 19:30:00+00:00,SPY,389.125,391.07,388.51,388.7,2829107.0
2023-01-20 15:30:00+00:00,SPY,390.08,392.48,388.4,391.6,2311229.0
2023-01-20 19:30:00+00:00,SPY,391.63,396.04,391.63,395.82,2631279.0
2023-01-23 15:30:00+00:00,SPY,396.72,402.11,395.76,401.87,2652098.0
2023-01-23 19:30:00+00:00,SPY,401.86,402.64,398.73,400.6,2459135.0
2023-01-24 15:30:00+00:00,SPY,398.88,400.75,397.66,400.49,2378915.0
2023-01-24 19:30:00+00:00,SPY,400.47,401.15,399.31,400.15,1508226.0
2023-01-25 15:30:00+00:00,SPY,395.95,398.89,393.58,398.76,3884121.0
2023-01-25 19:30:00+00:00,SPY,398.76,400.7,398.42,400.36,2316039.0
2023-01-26 15:30:00+00:00,SPY,403.13,404.07,400.03,402.28,2936872.0
2023-01-26 19:30:00+00:00,SPY,402.34,404.92,402.295,404.71,2104321.0
2023-01-27 15:30:00+00:00,SPY,403.69,406.75,403.44,406.05,2838165.0
2023-01-27 19:30:00+00:00,SPY,406.06,408.155,405.55,405.69,2063588.0
2023-01-30 15:30:00+00:00,SPY,402.8,405.13,401.71,402.68,2335817.0
2023-01-30 19:30:00+00:00,SPY,402.54,402.56,400.31,400.63,2462753.0
2023-01-31 15:30:00+00:00,SPY,401.13,403.87,400.78,403.67,1954538.0
2023-01-31 19:30:00+00:00,SPY,403.73,406.53,403.48,406.47,2929868.0
2023-02-01 15:30:00+00:00,SPY,405.21,406.42,403.76,404.57,2091711.0
2023-02-01 19:30:00+00:00,SPY,404.6,413.67,402.35,410.8,5522312.0
2023-02-02 15:30:00+00:00,SPY,414.85,417.31,412.89,416.67,3761288.0
2023-02-02 19:30:00+00:00,SPY,416.69,418.31,413.23,416.78,3423366.0
2023-02-03 15:30:00+00:00,SPY,411.63,416.96,411.45,413.01,3741647.0
2023-02-03 19:30:00+00:00,SPY,412.93,413.47,411.1,412.33,2084989.0
2023-02-06 15:30:00+00:00,SPY,409.79,411.29,408.1,409.72,1996263.0
2023-02-06 19:30:00+00:00,SPY,409.69,411.05,408.73,409.9,1442891.0
2023-02-07 15:30:00+00:00,SPY,408.87,415.16,408.39,409.83,2831105.0
2023-02-07 19:30:00+00:00,SPY,409.79,416.49,407.57,415.18,3213232.0
2023-02-08 15:30:00+00:00,SPY,413.15,414.53,410.15,411.64,2756159.0
2023-02-08 19:30:00+00:00,SPY,411.64,412.12,409.94,410.66,2373687.0
2023-02-09 15:30:00+00:00,SPY,414.41,414.56,409.28,409.79,2670025.0
2023-02-09 19:30:00+00:00,SPY,409.78,410.49,405.81,407.12,2827100.0
2023-02-10 15:30:00+00:00,SPY,405.87,408.14,405.01,407.55,3124353.0
2023-02-10 19:30:00+00:00,SPY,407.56,408.45,406.2,408.04,1844625.0
2023-02-13 15:30:00+00:00,SPY,408.72,412.55,408.24,412.38,1861177.0
2023-02-13 19:30:00+00:00,SPY,412.45,412.96,411.09,412.83,2528541.0
2023-02-14 15:30:00+00:00,SPY,411.24,415.05,408.52,412.5,3633668.0
2023-02-14 19:30:00+00:00,SPY,412.59,413.69,411.23,412.66,2381048.0
2023-02-15 15:30:00+00:00,SPY,410.35,412.75,409.5,412.28,2155686.0
2023-02-15 19:30:00+00:00,SPY,412.43,414.0,412.1,413.99,2108035.0
2023-02-16 15:30:00+00:00,SPY,408.79,412.88,408.27,411.45,3070284.0
2023-02-16 19:30:00+00:00,SPY,411.48,412.9,408.15,408.33,2847893.0
2023-02-17 15:30:00+00:00,SPY,406.06,407.21,404.06,404.66,3432641.0
2023-02-17 19:30:00+00:00,SPY,404.625,407.5,404.42,407.25,2410741.0
2023-02-21 15:30:00+00:00,SPY,403.05,404.15,399.86,400.06,2818184.0
2023-02-21 19:30:00+00:00,SPY,400.07,400.16,398.82,399.11,2407612.0
2023-02-22 15:30:00+00:00,SPY,399.51,400.88,397.63,400.81,2355534.0
2023-02-22 19:30:00+00:00,SPY,400.83,401.13,397.02,398.6,3343189.0
2023-02-23 15:30:00+00:00,SPY,401.54,402.2,396.26,397.68,4219862.0
2023-02-23 19:30:00+00:00,SPY,397.65,401.62,397.29,400.67,2817019.0
2023-02-24 15:30:00+00:00,SPY,395.42,396.68,393.64,395.13,4678657.0
2023-02-24 19:30:00+00:00,SPY,395.12,397.245,394.53,396.38,3191156.0
2023-02-27 15:30:00+00:00,SPY,399.89,401.28,397.57,398.79,3549774.0
2023-02-27 19:30:00+00:00,SPY,398.78,399.51,396.76,397.72,2506547.0
2023-02-28 15:30:00+00:00,SPY,397.23,399.19,396.47,399.05,3146696.0
2023-02-28 19:30:00+00:00,SPY,399.1,399.28,396.18,396.19,2920604.0
2023-03-01 15:30:00+00:00,SPY,395.41,396.68,393.38,394.92,5639981.0
2023-03-01 19:30:00+00:00,SPY,394.94,395.18,393.64,394.78,2425973.0
2023-03-02 15:30:00+00:00,SPY,392.68,394.64,392.33,394.05,3279085.0
2023-03-02 19:30:00+00:00,SPY,394.07,398.69,394.05,397.8,3224824.0
2023-03-03 15:30:00+00:00,SPY,399.69,403.24,399.03,402.97,3625697.0
2023-03-03 19:30:00+00:00,SPY,403.0,404.45,402.59,404.12,2979508.0
2023-03-06 15:30:00+00:00,SPY,405.04,407.45,404.76,405.61,2640528.0
2023-03-06 19:30:00+00:00,SPY,405.57,405.67,404.03,404.48,1941662.0
2023-03-07 15:30:00+00:00,SPY,404.42,404.67,399.29,399.53,4905265.0
2023-03-07 19:30:00+00:00,SPY,399.5,399.82,397.63,398.27,3010338.0
2023-03-08 15:30:00+00:00,SPY,398.39,399.7,396.75,396.84,4201331.0
2023-03-08 19:30:00+00:00,SPY,396.8,399.16,396.59,398.92,1945863.0
2023-03-09 15:30:00+00:00,SPY,399.77,401.47,396.18,396.48,3226054.0
2023-03-09 19:30:00+00:00,SPY,396.42,396.53,390.53,391.58,5152827.0
2023-03-10 15:30:00+00:00,SPY,390.99,393.15,385.53,385.94,9239631.0
2023-03-10 19:30:00+00:00,SPY,385.92,388.41,384.32,385.87,5956584.0
2023-03-13 14:30:00+00:00,SPY,381.81,390.37,380.65,386.45,9732192.0
2023-03-13 18:30:00+00:00,SPY,386.37,389.49,385.05,385.32,4747324.0
2023-03-14 14:30:00+00:00,SPY,390.5,393.45,388.56,389.81,6585780.0
2023-03-14 18:30:00+00:00,SPY,389.78,392.18,387.06,391.69,5033157.0
2023-03-15 14:30:00+00:00,SPY,385.88,387.68,383.71,386.37,6115412.0
2023-03-15 18:30:00+00:00,SPY,386.37,389.48,385.09,389.33,6332142.0
2023-03-16 14:30:00+00:00,SPY,386.82,396.13,386.29,395.11,6361627.0
2023-03-16 18:30:00+00:00,SPY,395.11,396.46,393.63,396.05,3670359.0
2023-03-17 14:30:00+00:00,SPY,393.22,394.395,388.58,390.93,5231040.0
2023-03-17 18:30:00+00:00,SPY,390.91,391.46,388.56,390.12,2921481.0
2023-03-20 14:30:00+00:00,SPY,390.8,394.16,390.08,393.29,3767732.0
2023-03-20 18:30:00+00:00,SPY,393.25,394.11,391.95,393.66,2243173.0
2023-03-21 14:30:00+00:00,SPY,397.26,398.33,395.59,396.94,3028763.0
2023-03-21 18:30:00+00:00,SPY,396.97,399.41,396.25,398.89,2713685.0
2023-03-22 14:30:00+00:00,SPY,398.73,399.88,397.38,398.22,2071457.0
2023-03-22 18:30:00+00:00,SPY,398.27,402.49,392.07,392.13,7750586.0
2023-03-23 14:30:00+00:00,SPY,395.09,399.28,394.75,395.34,3789362.0
2023-03-23 18:30:00+00:00,SPY,395.3,396.19,390.36,393.1,5235336.0
2023-03-24 14:30:00+00:00,SPY,391.84,394.16,389.4,393.63,4911997.0
2023-03-24 18:30:00+00:00,SPY,393.62,395.84,393.05,395.72,2590362.0
2023-03-27 15:30:00+00:00,SPY,398.11,398.92,395.56,397.03,2838192.0
2023-03-27 19:30:00+00:00,SPY,397.04,398.27,395.845,396.45,2340286.0
2023-03-28 15:30:00+00:00,SPY,395.77,396.49,394.55,394.92,2462657.0
2023-03-28 19:30:00+00:00,SPY,394.92,395.72,393.69,395.66,1963874.0
2023-03-29 15:30:00+00:00,SPY,399.92,400.43,398.7,400.39,2118439.0
2023-03-29 19:30:00+00:00,SPY,400.3,401.6,399.23,401.34,2233222.0
2023-03-30 15:30:00+00:00,SPY,404.1,404.35,402.06,402.46,2507852.0
2023-03-30 19:30:00+00:00,SPY,402.42,403.78,401.76,403.69,2139623.0
2023-03-31 15:30:00+00:00,SPY,404.66,407.69,404.55,407.01,6973334.0
2023-03-31 19:30:00+00:00,SPY,407.01,409.68,406.68,409.35,7767975.0
2023-04-03 15:30:00+00:00,SPY,408.86,411.37,408.43,409.23,6313782.0
2023-04-03 19:30:00+00:00,SPY,409.21,411.2,408.91,410.93,4285372.0
2023-04-04 15:30:00+00:00,SPY,411.62,411.92,407.24,408.98,6503747.0
2023-04-04 19:30:00+00:00,SPY,408.98,409.29,407.48,408.705,3774832.0
2023-04-05 15:30:00+00:00,SPY,407.89,408.67,405.88,406.88,6309921.0
2023-04-05 19:30:00+00:00,SPY,406.87,407.86,406.55,407.66,3768251.0
2023-04-06 15:30:00+00:00,SPY,406.76,409.2,405.68,408.98,5814129.0
2023-04-06 19:30:00+00:00,SPY,409.0,409.48,408.47,409.205,4239882.0
2023-04-10 15:30:00+00:00,SPY,406.6,408.82,405.97,408.67,5717720.0
2023-04-10 19:30:00+00:00,SPY,408.69,409.69,408.19,409.66,3427278.0
2023-04-11 15:30:00+00:00,SPY,410.26,410.7,408.93,410.49,4137961.0
2023-04-11 19:30:00+00:00,SPY,410.49,411.18,409.23,409.7,4327528.0
2023-04-12 15:30:00+00:00,SPY,411.86,412.17,408.23,411.19,7554496.0
2023-04-12 19:30:00+00:00,SPY,411.2,411.48,407.45,408.06,6420371.0
2023-04-13 15:30:00+00:00,SPY,409.24,412.12,408.71,411.905,6025053.0
2023-04-13 19:30:00+00:00,SPY,411.91,413.84,411.78,413.46,5851068.0
2023-04-14 15:30:00+00:00,SPY,412.82,415.09,410.14,410.61,8083063.0
2023-04-14 19:30:00+00:00,SPY,410.62,412.785,410.06,412.51,5341378.0
2023-04-17 15:30:00+00:00,SPY,412.38,413.19,411.22,411.99,4920880.0
2023-04-17 19:30:00+00:00,SPY,411.98,413.95,411.085,413.94,3793999.0
2023-04-18 15:30:00+00:00,SPY,415.6,415.72,412.78,413.67,5723319.0
2023-04-18 19:30:00+00:00,SPY,413.66,414.59,413.22,414.205,4354741.0
2023-04-19 15:30:00+00:00,SPY,412.22,414.45,412.18,414.27,5591901.0
2023-04-19 19:30:00+00:00,SPY,414.27,415.08,413.63,414.205,4163023.0
2023-04-20 15:30:00+00:00,SPY,411.22,413.6,411.08,413.52,5786890.0
2023-04-20 19:30:00+00:00,SPY,413.53,413.7,410.27,411.88,6589017.0
2023-04-21 15:30:00+00:00,SPY,412.19,412.43,410.17,411.53,6178330.0
2023-04-21 19:30:00+00:00,SPY,411.54,412.68,411.36,412.19,4595659.0
2023-04-24 15:30:00+00:00,SPY,411.98,413.07,410.605,411.74,5217520.0
2023-04-24 19:30:00+00:00,SPY,411.77,412.64,411.7,412.64,4809174.0
2023-04-25 15:30:00+00:00,SPY,410.59,411.16,406.97,407.53,7780611.0
2023-04-25 19:30:00+00:00,SPY,407.5,407.55,406.02,406.09,6702267.0
2023-04-26 15:30:00+00:00,SPY,406.74,407.84,405.02,406.25,7691164.0
2023-04-26 19:30:00+00:00,SPY,406.25,406.42,403.78,404.36,6598088.0
2023-04-27 15:30:00+00:00,SPY,407.0,410.12,406.75,410.08,7897897.0
2023-04-27 19:30:00+00:00,SPY,410.07,412.69,410.07,412.4,7799063.0
2023-04-28 15:30:00+00:00,SPY,411.49,415.54,411.43,415.43,8107544.0
2023-04-28 19:30:00+00:00,SPY,415.45,415.93,414.11,415.93,5822637.0
2023-05-01 15:30:00+00:00,SPY,415.44,417.61,415.44,416.83,5905954.0
2023-05-01 19:30:00+00:00,SPY,416.84,417.19,415.265,415.53,5037105.0
2023-05-02 15:30:00+00:00,SPY,414.77,414.83,407.82,410.25,12793227.0
2023-05-02 19:30:00+00:00,SPY,410.25,411.58,409.79,410.875,6595192.0
2023-05-03 15:30:00+00:00,SPY,411.34,412.65,410.3,412.43,5536036.0
2023-05-03 19:30:00+00:00,SPY,412.44,413.87,407.77,407.98,12011854.0
2023-05-04 15:30:00+00:00,SPY,406.93,407.27,403.74,406.51,11787007.0
2023-05-04 19:30:00+00:00,SPY,406.54,407.0,404.59,405.18,5520248.0
2023-05-05 15:30:00+00:00,SPY,408.91,411.64,408.64,411.48,7698201.0
2023-05-05 19:30:00+00:00,SPY,411.5,413.72,411.47,412.61,7560050.0
2023-05-08 15:30:00+00:00,SPY,412.97,413.1,411.68,412.43,4455214.0
2023-05-08 19:30:00+00:00,SPY,412.46,413.24,411.28,412.79,3995397.0
2023-05-09 15:30:00+00:00,SPY,411.13,411.84,410.68,411.37,4663187.0
2023-05-09 19:30:00+00:00,SPY,411.375,412.09,410.81,410.97,4102276.0
2023-05-10 15:30:00+00:00,SPY,413.89,414.535,408.97,409.22,8098054.0
2023-05-10 19:30:00+00:00,SPY,409.22,413.79,408.87,412.8,6832680.0
2023-05-11 15:30:00+00:00,SPY,411.95,412.25,409.97,411.42,7816817.0
2023-05-11 19:30:00+00:00,SPY,411.4,412.43,410.27,412.17,4622419.0
2023-05-12 15:30:00+00:00,SPY,413.41,413.63,409.32,410.31,6598285.0
2023-05-12 19:30:00+00:00,SPY,410.31,411.67,409.07,411.62,5413954.0
2023-05-15 15:30:00+00:00,SPY,412.22,413.43,410.23,412.31,5823808.0
2023-05-15 19:30:00+00:00,SPY,412.3,413.03,411.57,413.0,3852906.0
2023-05-16 15:30:00+00:00,SPY,411.85,412.82,410.7,411.55,6222351.0
2023-05-16 19:30:00+00:00,SPY,411.58,411.97,410.25,410.25,4160603.0
2023-05-17 15:30:00+00:00,SPY,412.35,415.28,410.64,415.22,7844498.0
2023-05-17 19:30:00+00:00,SPY,415.22,415.855,414.45,415.24,6981354.0
2023-05-18 15:30:00+00:00,SPY,414.9,418.06,414.67,416.16,8264663.0
2023-05-18 19:30:00+00:00,SPY,416.14,419.67,415.4,419.24,8063179.0
2023-05-19 15:30:00+00:00,SPY,420.17,420.73,417.35,418.75,9573898.0
2023-05-19 19:30:00+00:00,SPY,418.77,418.98,417.47,418.6,4704526.0
2023-05-22 15:30:00+00:00,SPY,418.64,420.39,417.35,419.07,7031255.0
2023-05-22 19:30:00+00:00,SPY,419.08,420.24,418.41,418.78,4561335.0
2023-05-23 15:30:00+00:00,SPY,417.08,418.13,415.72,415.79,7080270.0
2023-05-23 19:30:00+00:00,SPY,415.79,416.25,413.68,414.1,6855041.0
2023-05-24 15:30:00+00:00,SPY,412.42,412.49,409.88,410.48,8208246.0
2023-05-24 19:30:00+00:00,SPY,410.46,412.88,410.14,411.08,7235686.0
2023-05-25 15:30:00+00:00,SPY,414.74,414.92,412.42,414.68,8851410.0
2023-05-25 19:30:00+00:00,SPY,414.68,416.15,413.83,414.62,6818271.0
2023-05-26 15:30:00+00:00,SPY,415.33,420.03,415.26,419.63,8670084.0
2023-05-26 19:30:00+00:00,SPY,419.64,420.77,419.05,419.98,5971591.0
2023-05-30 15:30:00+00:00,SPY,422.03,422.58,419.29,419.44,7112207.0
2023-05-30 19:30:00+00:00,SPY,419.42,420.975,418.74,420.16,5334713.0
2023-05-31 15:30:00+00:00,SPY,418.29,419.21,416.23,417.62,6954950.0
2023-05-31 19:30:00+00:00,SPY,417.64,419.13,417.39,417.83,9015917.0
2023-06-01 15:30:00+00:00,SPY,418.11,421.94,416.79,421.5,8599089.0
2023-06-01 19:30:00+00:00,SPY,421.52,422.92,420.87,421.83,5748449.0
2023-06-02 15:30:00+00:00,SPY,424.49,428.39,423.95,428.26,7895595.0
2023-06-02 19:30:00+00:00,SPY,428.27,428.74,427.48,427.92,5533618.0
2023-06-05 15:30:00+00:00,SPY,428.29,430.0,427.63,428.52,4453041.0
2023-06-05 19:30:00+00:00,SPY,428.545,428.565,426.38,427.09,5631238.0
2023-06-06 15:30:00+00:00,SPY,426.67,428.45,425.99,427.23,5588687.0
2023-06-06 19:30:00+00:00,SPY,427.23,428.575,426.565,428.02,4437169.0
2023-06-07 15:30:00+00:00,SPY,428.44,429.605,426.14,426.56,7059035.0
2023-06-07 19:30:00+00:00,SPY,426.57,427.395,426.11,426.59,6092689.0
2023-06-08 15:30:00+00:00,SPY,426.615,429.2,425.82,428.39,5382183.0
2023-06-08 19:30:00+00:00,SPY,428.385,429.59,427.72,429.13,4183876.0
2023-06-09 15:30:00+00:00,SPY,429.96,431.99,428.87,430.16,7188130.0
2023-06-09 19:30:00+00:00,SPY,430.16,430.78,429.6,429.91,4020721.0
2023-06-12 15:30:00+00:00,SPY,430.92,431.6,430.18,431.32,4696517.0
2023-06-12 19:30:00+00:00,SPY,431.31,433.86,431.17,433.79,5623675.0
2023-06-13 15:30:00+00:00,SPY,435.32,437.33,434.64,437.03,8561636.0
2023-06-13 19:30:00+00:00,SPY,437.04,437.2,435.36,436.66,5431413.0
2023-06-14 15:30:00+00:00,SPY,437.01,439.06,436.51,437.28,5235982.0
2023-06-14 19:30:00+00:00,SPY,437.29,438.15,433.61,437.16,11084562.0
2023-06-15 15:30:00+00:00,SPY,436.35,441.18,436.25,440.88,7479898.0
2023-06-15 19:30:00+00:00,SPY,440.885,443.89,440.77,442.61,7761118.0
2023-06-16 15:30:00+00:00,SPY,443.03,443.17,440.34,441.44,8927387.0
2023-06-16 19:30:00+00:00,SPY,441.45,441.53,438.97,439.45,6140704.0
2023-06-20 15:30:00+00:00,SPY,437.46,438.36,435.04,438.05,7439312.0
2023-06-20 19:30:00+00:00,SPY,438.06,438.23,437.1,437.24,4679548.0
2023-06-21 15:30:00+00:00,SPY,436.16,436.21,434.33,435.12,6959349.0
2023-06-21 19:30:00+00:00,SPY,435.11,436.99,434.625,434.94,5304329.0
2023-06-22 15:30:00+00:00,SPY,433.95,436.01,433.61,435.01,5325511.0
2023-06-22 19:30:00+00:00,SPY,435.02,436.62,434.82,436.55,4322918.0
2023-06-23 15:30:00+00:00,SPY,432.92,434.9,432.73,434.82,6986191.0
2023-06-23 19:30:00+00:00,SPY,434.82,435.06,432.48,433.2,6271040.0
2023-06-26 15:30:00+00:00,SPY,432.63,434.61,431.65,432.59,7229650.0
2023-06-26 19:30:00+00:00,SPY,432.61,432.92,431.19,431.42,5670817.0
2023-06-27 15:30:00+00:00,SPY,432.35,435.7,431.88,435.53,6348604.0
2023-06-27 19:30:00+00:00,SPY,435.54,436.805,435.54,436.15,5253880.0
2023-06-28 15:30:00+00:00,SPY,435.05,437.44,434.41,435.78,7809481.0
2023-06-28 19:30:00+00:00,SPY,435.79,436.42,434.59,436.39,5336522.0
2023-06-29 15:30:00+00:00,SPY,435.95,438.28,435.54,437.74,6823810.0
2023-06-29 19:30:00+00:00,SPY,437.74,438.17,436.39,438.14,4364498.0
2023-06-30 15:30:00+00:00,SPY,441.44,443.61,441.115,443.525,8661253.0
2023-06-30 19:30:00+00:00,SPY,443.53,444.3,443.19,443.23,6434443.0
2023-07-03 15:30:00+00:00,SPY,442.92,444.08,442.63,443.89,5408237.0
2023-07-05 15:30:00+00:00,SPY,441.9,443.88,441.9,443.16,5466331.0
2023-07-05 19:30:00+00:00,SPY,443.17,443.755,442.32,443.12,3887003.0
2023-07-06 15:30:00+00:00,SPY,439.42,439.62,437.06,439.27,9129149.0
2023-07-06 19:30:00+00:00,SPY,439.28,440.09,439.0,439.68,5115609.0
2023-07-07 15:30:00+00:00,SPY,438.63,442.64,438.47,442.61,6925850.0
2023-07-07 19:30:00+00:00,SPY,442.61,442.64,438.3,438.53,7298425.0
2023-07-10 15:30:00+00:00,SPY,438.17,439.83,437.59,439.13,5842952.0
2023-07-10 19:30:00+00:00,SPY,439.13,439.67,438.53,439.66,3942534.0
2023-07-11 15:30:00+00:00,SPY,440.46,441.69,439.44,440.88,6074112.0
2023-07-11 19:30:00+00:00,SPY,440.89,442.96,440.27,442.48,5734378.0
2023-07-12 15:30:00+00:00,SPY,446.39,447.47,444.91,446.15,8505595.0
2023-07-12 19:30:00+00:00,SPY,446.15,446.75,445.15,446.02,5202200.0
2023-07-13 15:30:00+00:00,SPY,447.89,448.91,447.46,448.67,6074642.0
2023-07-13 19:30:00+00:00,SPY,448.67,450.375,448.62,449.57,4736817.0
2023-07-14 15:30:00+00:00,SPY,450.48,451.36,449.19,449.74,7017429.0
2023-07-14 19:30:00+00:00,SPY,449.75,450.26,448.5,449.3,4683442.0
2023-07-17 15:30:00+00:00,SPY,449.12,450.74,449.08,450.47,4627446.0
2023-07-17 19:30:00+00:00,SPY,450.48,451.93,450.42,450.855,3740677.0
2023-07-18 15:30:00+00:00,SPY,450.5,453.4,450.05,453.19,6478036.0
2023-07-18 19:30:00+00:00,SPY,453.18,454.86,453.14,454.2,6680120.0
2023-07-19 15:30:00+00:00,SPY,455.02,456.43,454.61,455.15,7662013.0
2023-07-19 19:30:00+00:00,SPY,455.14,456.065,454.37,455.13,3980190.0
2023-07-20 15:30:00+00:00,SPY,454.16,455.1,452.81,453.66,7872061.0
2023-07-20 19:30:00+00:00,SPY,453.655,453.805,451.44,452.17,5539933.0
2023-07-21 15:30:00+00:00,SPY,453.96,454.06,452.21,453.77,6662223.0
2023-07-21 19:30:00+00:00,SPY,453.78,454.165,452.18,452.18,5626041.0
2023-07-24 15:30:00+00:00,SPY,453.38,454.7,452.76,454.46,4900207.0
2023-07-24 19:30:00+00:00,SPY,454.47,455.03,453.43,454.19,3701117.0
2023-07-25 15:30:00+00:00,SPY,453.91,456.12,453.88,455.99,4558974.0
2023-07-25 19:30:00+00:00,SPY,456.0,456.73,455.32,455.43,3994906.0
2023-07-26 15:30:00+00:00,SPY,454.48,455.16,454.0,454.3,4203174.0
2023-07-26 19:30:00+00:00,SPY,454.29,456.99,453.38,455.51,8152066.0
2023-07-27 15:30:00+00:00,SPY,459.02,459.44,456.26,456.3,7090260.0
2023-07-27 19:30:00+00:00,SPY,456.31,456.43,451.55,452.465,8457908.0
2023-07-28 15:30:00+00:00,SPY,455.85,457.77,455.17,456.16,7185369.0
2023-07-28 19:30:00+00:00,SPY,456.15,457.35,455.06,456.89,5901176.0
2023-07-31 15:30:00+00:00,SPY,457.41,458.17,456.25,456.62,4967707.0
2023-07-31 19:30:00+00:00,SPY,456.605,457.84,456.05,457.78,4384929.0
2023-08-01 15:30:00+00:00,SPY,456.27,457.24,455.49,456.33,5438334.0
2023-08-01 19:30:00+00:00,SPY,456.34,456.99,455.98,456.465,3302839.0
2023-08-02 15:30:00+00:00,SPY,453.25,453.52,449.98,451.11,9273960.0
2023-08-02 19:30:00+00:00,SPY,451.11,451.435,449.34,450.16,5338120.0
2023-08-03 15:30:00+00:00,SPY,448.04,450.79,447.38,450.48,7122706.0
2023-08-03 19:30:00+00:00,SPY,450.47,450.57,448.77,448.85,4252901.0
2023-08-04 15:30:00+00:00,SPY,450.72,452.89,448.78,451.65,7062115.0
2023-08-04 19:30:00+00:00,SPY,451.66,451.85,446.27,446.8,7684318.0
2023-08-07 15:30:00+00:00,SPY,448.73,449.96,447.99,449.64,5706835.0
2023-08-07 19:30:00+00:00,SPY,449.67,450.86,449.48,450.72,3767876.0
2023-08-08 15:30:00+00:00,SPY,448.08,448.14,445.28,446.94,7383625.0
2023-08-08 19:30:00+00:00,SPY,446.9,449.23,446.55,448.75,4148110.0
2023-08-09 15:30:00+00:00,SPY,449.05,449.19,444.96,447.41,7044100.0
2023-08-09 19:30:00+00:00,SPY,447.41,448.885,445.43,445.76,6293599.0
2023-08-10 15:30:00+00:00,SPY,448.18,451.7,445.73,446.06,10168807.0
2023-08-10 19:30:00+00:00,SPY,446.03,447.48,444.71,445.92,6717527.0
2023-08-11 15:30:00+00:00,SPY,443.97,446.7,443.35,445.44,6387749.0
2023-08-11 19:30:00+00:00,SPY,445.44,446.23,444.45,445.59,4619009.0
2023-08-14 15:30:00+00:00,SPY,444.7,447.76,444.38,447.33,4594574.0
2023-08-14 19:30:00+00:00,SPY,447.35,448.11,446.3,448.09,3069323.0
2023-08-15 15:30:00+00:00,SPY,446.28,446.64,443.47,444.51,6688048.0
2023-08-15 19:30:00+00:00,SPY,444.52,444.62,442.305,442.93,5953816.0
2023-08-16 15:30:00+00:00,SPY,442.46,444.18,440.98,441.32,6038175.0
2023-08-16 19:30:00+00:00,SPY,441.32,443.09,439.54,439.63,6390860.0
2023-08-17 15:30:00+00:00,SPY,441.15,441.43,438.97,439.31,6653354.0
2023-08-17 19:30:00+00:00,SPY,439.3,439.3,435.75,436.25,6135270.0
2023-08-18 15:30:00+00:00,SPY,433.37,436.55,433.01,435.51,8225969.0
2023-08-18 19:30:00+00:00,SPY,435.545,437.57,435.16,436.47,6005209.0
2023-08-21 15:30:00+00:00,SPY,437.58,438.88,435.32,437.89,5914087.0
2023-08-21 19:30:00+00:00,SPY,437.91,440.11,437.81,439.34,4658765.0
2023-08-22 15:30:00+00:00,SPY,441.18,441.18,437.63,438.23,5448136.0
2023-08-22 19:30:00+00:00,SPY,438.24,439.475,437.57,438.1,4104930.0
2023-08-23 15:30:00+00:00,SPY,439.25,443.29,439.1,443.23,5345899.0
2023-08-23 19:30:00+00:00,SPY,443.23,443.67,442.39,442.98,4547669.0
2023-08-24 15:30:00+00:00,SPY,444.68,445.22,439.02,439.13,7404099.0
2023-08-24 19:30:00+00:00,SPY,439.14,439.91,436.85,436.92,5058417.0
2023-08-25 15:30:00+00:00,SPY,438.67,441.2,435.0,438.12,9927355.0
2023-08-25 19:30:00+00:00,SPY,438.135,441.3,437.38,439.96,6363638.0
2023-08-28 15:30:00+00:00,SPY,442.24,443.26,440.9,442.74,5479662.0
2023-08-28 19:30:00+00:00,SPY,442.76,443.4,440.85,442.72,4118637.0
2023-08-29 15:30:00+00:00,SPY,442.65,448.445,442.46,448.27,7459230.0
2023-08-29 19:30:00+00:00,SPY,448.28,449.45,447.68,449.16,5453249.0
2023-08-30 15:30:00+00:00,SPY,449.54,451.67,448.78,450.94,5731960.0
2023-08-30 19:30:00+00:00,SPY,450.92,451.4,449.98,451.0,4230022.0
2023-08-31 15:30:00+00:00,SPY,451.65,452.83,450.36,451.755,3997166.0
2023-08-31 19:30:00+00:00,SPY,451.76,452.19,450.16,450.32,4226457.0
2023-09-01 15:30:00+00:00,SPY,453.17,453.67,449.68,450.35,5674715.0
2023-09-01 19:30:00+00:00,SPY,450.34,451.3,449.88,451.21,3271982.0
2023-09-05 15:30:00+00:00,SPY,450.73,451.06,449.18,449.62,4226152.0
2023-09-05 19:30:00+00:00,SPY,449.62,450.63,449.17,449.26,3211142.0
2023-09-06 15:30:00+00:00,SPY,448.39,448.5,443.82,444.86,6507582.0
2023-09-06 19:30:00+00:00,SPY,444.86,446.4,444.82,446.19,3748596.0
2023-09-07 15:30:00+00:00,SPY,443.11,445.24,442.75,445.08,4828804.0
2023-09-07 19:30:00+00:00,SPY,445.09,445.53,444.1,444.86,4221772.0
2023-09-08 15:30:00+00:00,SPY,444.89,447.11,444.81,445.75,4425641.0
2023-09-08 19:30:00+00:00,SPY,445.77,446.22,444.52,445.5,3536997.0
2023-09-11 15:30:00+00:00,SPY,448.25,448.77,446.47,448.16,4761762.0
2023-09-11 19:30:00+00:00,SPY,448.17,448.7,448.01,448.48,3067556.0
2023-09-12 15:30:00+00:00,SPY,446.95,448.52,446.1,448.2,4316377.0
2023-09-12 19:30:00+00:00,SPY,448.22,448.44,445.39,445.97,4430218.0
2023-09-13 15:30:00+00:00,SPY,446.22,447.6,445.08,447.28,4419612.0
2023-09-13 19:30:00+00:00,SPY,447.33,447.705,445.32,446.51,4077334.0
2023-09-14 15:30:00+00:00,SPY,449.07,450.68,447.71,450.37,6106659.0
2023-09-14 19:30:00+00:00,SPY,450.37,451.07,449.93,450.38,4768958.0
2023-09-15 15:30:00+00:00,SPY,447.12,447.48,443.335,443.45,8706765.0
2023-09-15 19:30:00+00:00,SPY,443.42,444.17,442.92,443.28,7580258.0
2023-09-18 15:30:00+00:00,SPY,443.05,444.96,442.56,444.44,4323468.0
2023-09-18 19:30:00+00:00,SPY,444.47,444.79,443.175,443.63,3284816.0
2023-09-19 15:30:00+00:00,SPY,442.68,443.25,439.94,441.095,5438703.0
2023-09-19 19:30:00+00:00,SPY,441.12,443.29,441.12,442.75,4036413.0
2023-09-20 15:30:00+00:00,SPY,444.01,444.43,443.16,443.63,3153753.0
2023-09-20 19:30:00+00:00,SPY,443.63,443.75,438.43,438.59,8708814.0
2023-09-21 15:30:00+00:00,SPY,435.69,435.97,433.43,434.6,8723143.0
2023-09-21 19:30:00+00:00,SPY,434.61,434.9,431.23,431.41,7213670.0
2023-09-22 15:30:00+00:00,SPY,432.46,434.1,431.67,432.14,7004502.0
2023-09-22 19:30:00+00:00,SPY,432.14,433.21,429.99,430.38,7284043.0
2023-09-25 15:30:00+00:00,SPY,429.17,432.02,428.72,430.98,5350104.0
2023-09-25 19:30:00+00:00,SPY,430.99,432.27,429.98,432.23,4250448.0
2023-09-26 15:30:00+00:00,SPY,429.09,429.82,426.63,426.98,7744944.0
2023-09-26 19:30:00+00:00,SPY,426.98,427.2,425.02,425.83,6296791.0
2023-09-27 15:30:00+00:00,SPY,427.08,427.67,422.76,422.81,7141285.0
2023-09-27 19:30:00+00:00,SPY,422.8,427.539,422.29,426.02,7545167.0
2023-09-28 15:30:00+00:00,SPY,425.485,430.24,424.87,428.47,9441355.0
2023-09-28 19:30:00+00:00,SPY,428.47,429.77,427.475,428.53,5600116.0
2023-09-29 15:30:00+00:00,SPY,431.66,431.85,426.5,427.51,9341743.0
2023-09-29 19:30:00+00:00,SPY,427.49,428.88,425.91,427.39,9298921.0
2023-10-02 15:30:00+00:00,SPY,426.61,428.6,424.461,425.61,9359757.0
2023-10-02 19:30:00+00:00,SPY,425.64,427.37,424.52,427.36,5575629.0
2023-10-03 15:30:00+00:00,SPY,425.04,426.65,420.77,421.85,9552811.0
2023-10-03 19:30:00+00:00,SPY,421.84,421.9,420.19,421.66,6121253.0
2023-10-04 15:30:00+00:00,SPY,422.07,424.36,420.56,422.605,7233980.0
2023-10-04 19:30:00+00:00,SPY,422.62,425.425,421.64,424.7,5836138.0
2023-10-05 15:30:00+00:00,SPY,424.36,425.26,421.18,422.92,5994416.0
2023-10-05 19:30:00+00:00,SPY,422.93,425.36,422.46,424.49,4632726.0
2023-10-06 15:30:00+00:00,SPY,421.97,429.68,420.6,429.44,11103111.0
2023-10-06 19:30:00+00:00,SPY,429.45,431.12,429.05,429.53,6887822.0
2023-10-09 15:30:00+00:00,SPY,427.57,429.97,427.02,429.93,6539003.0
2023-10-09 19:30:00+00:00,SPY,429.94,432.88,429.94,432.28,6242861.0
2023-10-10 15:30:00+00:00,SPY,432.98,437.22,432.53,435.4,7737896.0
2023-10-10 19:30:00+00:00,SPY,435.4,435.73,434.31,434.48,4557250.0
2023-10-11 15:30:00+00:00,SPY,435.64,436.45,433.37,433.71,5073447.0
2023-10-11 19:30:00+00:00,SPY,433.69,436.58,433.17,436.3,4408075.0
2023-10-12 15:30:00+00:00,SPY,436.95,437.335,433.35,433.41,7062346.0
2023-10-12 19:30:00+00:00,SPY,433.395,434.28,431.23,433.74,7392171.0
2023-10-13 15:30:00+00:00,SPY,435.21,436.45,430.14,430.195,8571244.0
2023-10-13 19:30:00+00:00,SPY,430.18,432.47,429.89,431.54,7327482.0
2023-10-16 15:30:00+00:00,SPY,433.82,437.14,433.57,435.64,7815950.0
2023-10-16 19:30:00+00:00,SPY,435.68,436.96,435.45,436.03,5702633.0
2023-10-17 15:30:00+00:00,SPY,432.84,438.14,432.46,436.34,7954912.0
2023-10-17 19:30:00+00:00,SPY,436.34,436.37,434.225,436.065,5605106.0
2023-10-18 15:30:00+00:00,SPY,434.19,435.16,431.09,433.0,9310168.0
2023-10-18 19:30:00+00:00,SPY,432.98,433.28,429.095,430.23,7508779.0
2023-10-19 15:30:00+00:00,SPY,430.95,432.82,427.72,431.2,12305103.0
2023-10-19 19:30:00+00:00,SPY,431.23,431.74,425.73,426.435,10354626.0
2023-10-20 15:30:00+00:00,SPY,425.98,426.54,421.91,424.18,11082172.0
2023-10-20 19:30:00+00:00,SPY,424.19,424.64,421.08,421.2,8107802.0
2023-10-23 15:30:00+00:00,SPY,419.61,424.45,417.805,422.88,9038061.0
2023-10-23 19:30:00+00:00,SPY,422.89,423.855,420.24,420.46,6811760.0
2023-10-24 15:30:00+00:00,SPY,422.65,424.81,420.74,422.15,8753296.0
2023-10-24 19:30:00+00:00,SPY,422.16,424.17,421.81,423.62,5153806.0
2023-10-25 15:30:00+00:00,SPY,421.89,421.91,417.77,417.94,10346464.0
2023-10-25 19:30:00+00:00,SPY,417.93,418.44,417.015,417.6,6603046.0
2023-10-26 15:30:00+00:00,SPY,416.45,417.32,411.97,412.25,10510629.0
2023-10-26 19:30:00+00:00,SPY,412.25,415.93,411.6,412.6,7574329.0
2023-10-27 15:30:00+00:00,SPY,414.19,414.59,410.31,410.76,9501059.0
2023-10-27 19:30:00+00:00,SPY,410.745,411.22,409.215,410.72,8494168.0
2023-10-30 14:30:00+00:00,SPY,413.54,415.345,412.22,415.03,7964866.0
2023-10-30 18:30:00+00:00,SPY,415.04,416.68,414.62,415.58,7395882.0
2023-10-31 14:30:00+00:00,SPY,416.2,417.15,414.22,416.97,6778346.0
2023-10-31 18:30:00+00:00,SPY,416.99,418.5,416.98,418.24,6068060.0
2023-11-01 14:30:00+00:00,SPY,419.22,421.9,418.64,419.82,7476140.0
2023-11-01 18:30:00+00:00,SPY,419.81,423.5,419.09,422.69,9602026.0
2023-11-02 14:30:00+00:00,SPY,426.58,429.82,426.58,429.63,9014735.0
2023-11-02 18:30:00+00:00,SPY,429.64,430.91,429.635,430.74,5918227.0
2023-11-03 14:30:00+00:00,SPY,433.14,435.9,433.01,435.1,9600750.0
2023-11-03 18:30:00+00:00,SPY,435.1,436.29,434.66,434.71,6420001.0
2023-11-06 15:30:00+00:00,SPY,435.47,436.14,433.68,434.23,5979390.0
2023-11-06 19:30:00+00:00,SPY,434.21,435.73,433.71,435.66,5362301.0
2023-11-07 15:30:00+00:00,SPY,435.69,437.51,434.51,437.04,6215385.0
2023-11-07 19:30:00+00:00,SPY,437.04,437.58,436.21,436.88,4692943.0
2023-11-08 15:30:00+00:00,SPY,437.55,438.09,434.88,436.35,6406094.0
2023-11-08 19:30:00+00:00,SPY,436.37,437.79,436.33,437.22,4275060.0
2023-11-09 15:30:00+00:00,SPY,438.42,438.47,435.155,436.4,7097087.0
2023-11-09 19:30:00+00:00,SPY,436.4,436.63,433.39,433.86,6980234.0
2023-11-10 15:30:00+00:00,SPY,435.99,439.22,434.43,438.99,8013238.0
2023-11-10 19:30:00+00:00,SPY,438.99,440.93,438.99,440.65,6736004.0
2023-11-13 15:30:00+00:00,SPY,439.23,441.33,438.42,440.14,5871148.0
2023-11-13 19:30:00+00:00,SPY,440.17,441.11,439.91,440.21,2726629.0
2023-11-14 15:30:00+00:00,SPY,446.3,449.73,446.09,448.85,9050101.0
2023-11-14 19:30:00+00:00,SPY,448.86,450.06,447.71,448.75,5933593.0
2023-11-15 15:30:00+00:00,SPY,450.09,451.37,448.8,449.74,7037333.0
2023-11-15 19:30:00+00:00,SPY,449.73,450.69,449.21,449.65,5792352.0
2023-11-16 15:30:00+00:00,SPY,449.22,450.56,448.12,449.41,6210409.0
2023-11-16 19:30:00+00:00,SPY,449.42,450.32,448.59,450.22,5092194.0
2023-11-17 15:30:00+00:00,SPY,450.24,450.87,449.3,450.71,5350543.0
2023-11-17 19:30:00+00:00,SPY,450.71,451.42,450.2,450.78,4666543.0
2023-11-20 15:30:00+00:00,SPY,450.52,453.805,450.52,453.7,5588584.0
2023-11-20 19:30:00+00:00,SPY,453.72,455.12,453.69,454.24,6016738.0
2023-11-21 15:30:00+00:00,SPY,453.17,453.585,451.96,452.85,4709924.0
2023-11-21 19:30:00+00:00,SPY,452.86,453.64,452.79,453.26,2890705.0
2023-11-22 15:30:00+00:00,SPY,454.99,456.38,453.89,455.55,6275136.0
2023-11-22 19:30:00+00:00,SPY,455.55,455.62,453.935,455.04,4177841.0
2023-11-24 15:30:00+00:00,SPY,455.07,455.5,454.73,455.26,3292154.0
2023-11-27 15:30:00+00:00,SPY,454.65,455.49,454.07,455.24,4531881.0
2023-11-27 19:30:00+00:00,SPY,455.24,455.37,454.12,454.5,3944806.0
2023-11-28 15:30:00+00:00,SPY,454.08,456.27,453.5,454.55,6038801.0
2023-11-28 19:30:00+00:00,SPY,454.54,455.1,453.97,454.88,4344312.0
2023-11-29 15:30:00+00:00,SPY,457.15,458.31,454.95,456.3,6065332.0
2023-11-29 19:30:00+00:00,SPY,456.31,456.34,454.2,454.62,4171564.0
2023-11-30 15:30:00+00:00,SPY,455.48,455.7,453.48,453.63,6216924.0
2023-11-30 19:30:00+00:00,SPY,453.64,456.76,453.34,456.31,6444418.0
2023-12-01 15:30:00+00:00,SPY,455.75,459.64,455.18,458.55,8789399.0
2023-12-01 19:30:00+00:00,SPY,458.55,459.32,458.19,459.04,4978158.0
2023-12-04 15:30:00+00:00,SPY,455.6,456.83,454.36,455.86,7575070.0
2023-12-04 19:30:00+00:00,SPY,455.87,456.935,455.49,456.66,4100223.0
2023-12-05 15:30:00+00:00,SPY,455.26,457.58,454.87,456.33,6710842.0
2023-12-05 19:30:00+00:00,SPY,456.33,456.78,455.9,456.58,5075764.0
2023-12-06 15:30:00+00:00,SPY,458.81,458.83,455.6,456.39,6063147.0
2023-12-06 19:30:00+00:00,SPY,456.41,456.59,454.31,454.71,5015976.0
2023-12-07 15:30:00+00:00,SPY,456.88,458.55,456.295,458.1,6605645.0
2023-12-07 19:30:00+00:00,SPY,458.1,458.89,457.93,458.21,3641313.0
2023-12-08 15:30:00+00:00,SPY,457.46,460.41,457.21,459.45,6983185.0
2023-12-08 19:30:00+00:00,SPY,459.48,460.74,459.06,460.15,5186709.0
2023-12-11 15:30:00+00:00,SPY,459.68,461.6,459.47,461.465,6286842.0
2023-12-11 19:30:00+00:00,SPY,461.47,462.17,461.34,461.96,4283079.0
2023-12-12 15:30:00+00:00,SPY,461.63,463.12,460.6,462.88,5304090.0
2023-12-12 19:30:00+00:00,SPY,462.89,464.2,462.82,464.15,4842296.0
2023-12-13 15:30:00+00:00,SPY,464.48,465.33,464.12,464.18,3901088.0
2023-12-13 19:30:00+00:00,SPY,464.18,470.75,464.12,470.45,12087839.0
2023-12-14 15:30:00+00:00,SPY,472.5,473.73,470.82,470.84,9137717.0
2023-12-14 19:30:00+00:00,SPY,470.85,472.06,469.255,472.0,7229034.0
2023-12-15 15:30:00+00:00,SPY,469.47,470.54,468.815,469.79,7163918.0
2023-12-15 19:30:00+00:00,SPY,469.79,470.7,468.44,469.4,8572887.0
2023-12-18 15:30:00+00:00,SPY,470.985,472.65,470.81,472.525,5591116.0
2023-12-18 19:30:00+00:00,SPY,472.53,472.97,471.95,472.02,3889983.0
2023-12-19 15:30:00+00:00,SPY,472.53,474.47,472.45,473.97,4865496.0
2023-12-19 19:30:00+00:00,SPY,473.98,474.915,473.77,474.83,3448360.0
2023-12-20 15:30:00+00:00,SPY,473.95,475.89,473.77,475.56,4344782.0
2023-12-20 19:30:00+00:00,SPY,475.57,475.76,467.82,468.06,9934825.0
2023-12-21 15:30:00+00:00,SPY,471.33,472.44,468.84,470.09,8097352.0
2023-12-21 19:30:00+00:00,SPY,470.1,472.98,469.79,472.69,5424525.0
2023-12-22 15:30:00+00:00,SPY,473.86,475.38,473.57,474.59,4962249.0
2023-12-22 19:30:00+00:00,SPY,474.59,474.7,471.7,473.63,5372434.0
2023-12-26 15:30:00+00:00,SPY,474.07,475.46,473.99,475.31,3337157.0
2023-12-26 19:30:00+00:00,SPY,475.32,476.575,475.14,475.6,3953267.0
2023-12-27 15:30:00+00:00,SPY,475.44,476.67,475.08,476.24,4434314.0
2023-12-27 19:30:00+00:00,SPY,476.25,476.57,474.9,476.51,4323990.0
2023-12-28 15:30:00+00:00,SPY,476.88,477.5,476.43,477.03,3172549.0
2023-12-28 19:30:00+00:00,SPY,477.04,477.55,476.26,476.68,4463539.0
2023-12-29 15:30:00+00:00,SPY,476.5,477.02,473.3,474.49,7287658.0
2023-12-29 19:30:00+00:00,SPY,474.5,475.89,474.475,475.34,6768157.0
2024-01-02 15:30:00+00:00,SPY,472.16,473.66,471.3,472.67,7621480.0
2024-01-02 19:30:00+00:00,SPY,472.66,472.95,470.49,472.6,8483030.0
2024-01-03 15:30:00+00:00,SPY,470.42,470.94,468.72,470.36,7162716.0
2024-01-03 19:30:00+00:00,SPY,470.34,471.19,468.17,468.75,7043065.0
2024-01-04 15:30:00+00:00,SPY,468.3,470.96,468.11,469.32,5790262.0
2024-01-04 19:30:00+00:00,SPY,469.33,469.46,467.05,467.29,6270743.0
2024-01-05 15:30:00+00:00,SPY,467.49,470.44,466.68,467.86,7719044.0
2024-01-05 19:30:00+00:00,SPY,467.87,468.98,466.44,467.92,5005457.0
2024-01-08 15:30:00+00:00,SPY,468.43,471.72,468.32,471.38,6066071.0
2024-01-08 19:30:00+00:00,SPY,471.38,474.75,471.36,474.56,6261734.0
2024-01-09 15:30:00+00:00,SPY,471.89,474.925,471.36,473.8,5707600.0
2024-01-09 19:30:00+00:00,SPY,473.81,474.66,472.93,473.85,4706836.0
2024-01-10 15:30:00+00:00,SPY,474.16,475.925,473.871,475.3,5197626.0
2024-01-10 19:30:00+00:00,SPY,475.32,477.44,475.18,476.53,5184363.0
2024-01-11 15:30:00+00:00,SPY,477.58,478.11,472.28,474.75,8057937.0
2024-01-11 19:30:00+00:00,SPY,474.77,476.97,474.62,476.33,4722257.0
2024-01-12 15:30:00+00:00,SPY,477.85,478.6,475.23,476.62,5884964.0
2024-01-12 19:30:00+00:00,SPY,476.64,477.335,475.76,476.66,3646230.0
2024-01-16 15:30:00+00:00,SPY,475.25,476.6,473.47,474.99,8394110.0
2024-01-16 19:30:00+00:00,SPY,475.01,475.2,473.07,474.94,4964910.0
2024-01-17 15:30:00+00:00,SPY,471.82,472.79,470.46,470.69,5989658.0
2024-01-17 19:30:00+00:00,SPY,470.69,472.61,469.87,472.26,4653987.0
2024-01-18 15:30:00+00:00,SPY,474.0,475.03,472.42,472.73,6746586.0
2024-01-18 19:30:00+00:00,SPY,472.71,477.05,472.7,476.5,5798891.0
2024-01-19 15:30:00+00:00,SPY,477.65,481.0,476.95,480.96,7147140.0
2024-01-19 19:30:00+00:00,SPY,480.97,482.72,480.94,482.41,6646366.0
2024-01-22 15:30:00+00:00,SPY,484.01,485.22,482.79,482.89,5970319.0
2024-01-22 19:30:00+00:00,SPY,482.9,484.2,482.86,483.52,4136239.0
2024-01-23 15:30:00+00:00,SPY,484.01,484.37,482.89,483.75,3289708.0
2024-01-23 19:30:00+00:00,SPY,483.76,485.105,483.56,484.89,3136509.0
2024-01-24 15:30:00+00:00,SPY,487.8,488.775,486.4,488.03,6197563.0
2024-01-24 19:30:00+00:00,SPY,488.045,488.05,485.0,485.4,5708731.0
2024-01-25 15:30:00+00:00,SPY,487.56,488.305,486.08,486.29,6556006.0
2024-01-25 19:30:00+00:00,SPY,486.26,488.04,485.39,488.01,5428959.0
2024-01-26 15:30:00+00:00,SPY,487.59,489.12,486.71,487.42,6073056.0
2024-01-26 19:30:00+00:00,SPY,487.42,488.14,486.54,487.47,4219723.0
2024-01-29 15:30:00+00:00,SPY,487.73,488.59,487.165,488.42,4142301.0
2024-01-29 19:30:00+00:00,SPY,488.42,491.41,488.09,491.27,4443469.0
2024-01-30 15:30:00+00:00,SPY,490.54,491.47,490.11,490.91,5017900.0
2024-01-30 19:30:00+00:00,SPY,490.92,491.62,490.46,490.88,3563493.0
2024-01-31 15:30:00+00:00,SPY,488.64,489.081,486.34,487.21,5482053.0
2024-01-31 19:30:00+00:00,SPY,487.2,489.0,482.89,482.9,12230379.0
2024-02-01 15:30:00+00:00,SPY,484.62,488.24,483.8,487.02,8573812.0
2024-02-01 19:30:00+00:00,SPY,487.03,489.22,486.38,489.2,5044982.0
2024-02-02 15:30:00+00:00,SPY,489.66,494.66,489.3,493.77,8498559.0
2024-02-02 19:30:00+00:00,SPY,493.74,496.06,493.32,494.27,6027121.0
2024-02-05 15:30:00+00:00,SPY,493.72,493.72,490.23,492.6,6703434.0
2024-02-05 19:30:00+00:00,SPY,492.61,494.18,492.52,492.58,4234753.0
2024-02-06 15:30:00+00:00,SPY,493.52,494.325,492.05,492.92,4960564.0
2024-02-06 19:30:00+00:00,SPY,492.93,494.04,492.11,493.98,3627163.0
2024-02-07 15:30:00+00:00,SPY,496.28,498.2,495.36,498.2,6508969.0
2024-02-07 19:30:00+00:00,SPY,498.2,498.53,497.61,498.04,3616602.0
2024-02-08 15:30:00+00:00,SPY,498.1,498.35,497.26,498.04,4116892.0
2024-02-08 19:30:00+00:00,SPY,498.04,498.7,497.59,498.4,4096826.0
2024-02-09 15:30:00+00:00,SPY,498.86,500.83,498.5,500.74,5246701.0
2024-02-09 19:30:00+00:00,SPY,500.74,501.65,500.48,501.18,4309652.0
2024-02-12 15:30:00+00:00,SPY,501.17,503.5,501.02,502.56,3746622.0
2024-02-12 19:30:00+00:00,SPY,502.56,502.61,500.24,500.95,4438477.0
2024-02-13 15:30:00+00:00,SPY,494.51,495.85,493.21,494.25,8442312.0
2024-02-13 19:30:00+00:00,SPY,494.24,494.3,490.72,494.14,9059349.0
2024-02-14 15:30:00+00:00,SPY,496.74,497.99,494.4,495.95,5928155.0
2024-02-14 19:30:00+00:00,SPY,495.96,499.07,495.23,498.62,4765403.0
2024-02-15 15:30:00+00:00,SPY,499.3,501.485,498.8,501.465,5135970.0
2024-02-15 19:30:00+00:00,SPY,501.47,502.195,500.905,501.97,5229612.0
2024-02-16 15:30:00+00:00,SPY,501.67,502.46,498.75,501.66,5641072.0
2024-02-16 19:30:00+00:00,SPY,501.67,502.86,498.98,499.49,5242136.0
2024-02-20 15:30:00+00:00,SPY,497.72,498.41,494.48,495.2,6195869.0
2024-02-20 19:30:00+00:00,SPY,495.2,496.88,494.75,496.74,5746524.0
2024-02-21 15:30:00+00:00,SPY,495.44,496.31,494.42,495.29,4117498.0
2024-02-21 19:30:00+00:00,SPY,495.29,497.37,493.56,497.21,4774387.0
2024-02-22 15:30:00+00:00,SPY,504.01,506.86,503.02,506.81,7663498.0
2024-02-22 19:30:00+00:00,SPY,506.82,508.49,506.74,507.53,5669801.0
2024-02-23 15:30:00+00:00,SPY,509.24,510.13,507.1,508.92,5940553.0
2024-02-23 19:30:00+00:00,SPY,508.91,509.06,507.63,507.81,4513335.0
2024-02-26 15:30:00+00:00,SPY,508.31,508.75,506.45,506.61,3947835.0
2024-02-26 19:30:00+00:00,SPY,506.63,507.4,505.86,506.01,4337329.0
2024-02-27 15:30:00+00:00,SPY,506.69,506.74,504.75,505.215,3724818.0
2024-02-27 19:30:00+00:00,SPY,505.23,507.16,505.12,506.92,3744336.0
2024-02-28 15:30:00+00:00,SPY,505.33,506.85,504.96,506.49,4404887.0
2024-02-28 19:30:00+00:00,SPY,506.5,506.78,505.17,506.23,4073646.0
2024-02-29 15:30:00+00:00,SPY,508.07,508.845,505.35,507.76,6192351.0
2024-02-29 19:30:00+00:00,SPY,507.77,509.74,507.17,507.98,6303422.0
2024-03-01 15:30:00+00:00,SPY,508.98,512.24,508.56,512.13,6537944.0
2024-03-01 19:30:00+00:00,SPY,512.13,513.29,511.98,512.85,5298766.0
2024-03-04 15:30:00+00:00,SPY,512.04,513.18,512.0,512.62,3690145.0
2024-03-04 19:30:00+00:00,SPY,512.6,514.2,512.17,512.28,4310362.0
2024-03-05 15:30:00+00:00,SPY,510.24,510.7,506.96,507.71,6485666.0
2024-03-05 19:30:00+00:00,SPY,507.71,508.1,504.91,507.15,5917802.0
2024-03-06 15:30:00+00:00,SPY,510.55,512.05,508.42,511.86,5516966.0
2024-03-06 19:30:00+00:00,SPY,511.87,511.92,508.52,509.81,6155267.0
2024-03-07 15:30:00+00:00,SPY,513.14,514.99,512.19,514.98,5703658.0
2024-03-07 19:30:00+00:00,SPY,514.99,515.89,514.07,514.87,4235160.0
2024-03-08 15:30:00+00:00,SPY,515.49,518.22,512.06,512.34,9372834.0
2024-03-08 19:30:00+00:00,SPY,512.29,514.46,511.14,511.77,5876946.0
2024-03-11 14:30:00+00:00,SPY,510.48,511.33,508.5,511.24,6324117.0
2024-03-11 18:30:00+00:00,SPY,511.25,511.88,510.31,511.26,3947454.0
2024-03-12 14:30:00+00:00,SPY,513.45,516.535,510.86,514.92,7240831.0
2024-03-12 18:30:00+00:00,SPY,514.93,517.38,514.89,516.81,3880885.0
2024-03-13 14:30:00+00:00,SPY,517.11,517.21,515.66,517.14,4671549.0
2024-03-13 18:30:00+00:00,SPY,517.15,517.28,514.49,515.99,4155534.0
2024-03-14 14:30:00+00:00,SPY,516.96,517.12,513.05,513.18,6973169.0
2024-03-14 18:30:00+00:00,SPY,513.19,515.18,511.825,514.94,8147545.0
2024-03-15 14:30:00+00:00,SPY,510.21,511.7,508.36,509.32,7183381.0
2024-03-15 18:30:00+00:00,SPY,509.33,510.54,509.04,509.75,5471142.0
2024-03-18 14:30:00+00:00,SPY,514.01,515.47,513.41,514.2,5835302.0
2024-03-18 18:30:00+00:00,SPY,514.21,514.4,512.44,512.85,5244663.0
2024-03-19 14:30:00+00:00,SPY,512.15,515.45,511.13,514.84,4612381.0
2024-03-19 18:30:00+00:00,SPY,514.86,515.99,514.235,515.79,4086859.0
2024-03-20 14:30:00+00:00,SPY,515.77,516.44,515.21,515.44,2723725.0
2024-03-20 18:30:00+00:00,SPY,515.41,520.62,515.08,520.45,6343789.0
2024-03-21 14:30:00+00:00,SPY,523.38,524.11,522.77,523.38,5044390.0
2024-03-21 18:30:00+00:00,SPY,523.37,523.53,521.91,522.11,3918357.0
2024-03-22 14:30:00+00:00,SPY,522.09,522.44,520.97,522.06,4205250.0
2024-03-22 18:30:00+00:00,SPY,522.06,522.6,521.13,521.23,4711779.0
2024-03-25 14:30:00+00:00,SPY,519.79,520.89,519.61,520.51,3449302.0
2024-03-25 18:30:00+00:00,SPY,520.53,520.95,519.67,519.82,3059868.0
2024-03-26 14:30:00+00:00,SPY,521.23,521.58,520.67,520.86,3160979.0
2024-03-26 18:30:00+00:00,SPY,520.86,521.045,518.4,518.68,4519016.0
2024-03-27 14:30:00+00:00,SPY,521.72,521.77,519.49,520.33,4387038.0
2024-03-27 18:30:00+00:00,SPY,520.33,523.2,519.84,523.165,6004481.0
2024-03-28 14:30:00+00:00,SPY,523.22,523.73,522.79,523.125,3997001.0
2024-03-28 18:30:00+00:00,SPY,523.13,524.61,522.92,523.12,6565739.0
2024-04-01 15:30:00+00:00,SPY,523.83,524.38,520.98,521.61,3687002.0
2024-04-01 19:30:00+00:00,SPY,521.62,522.79,521.38,522.21,2515253.0
2024-04-02 15:30:00+00:00,SPY,518.24,518.46,516.5,517.67,5298479.0
2024-04-02 19:30:00+00:00,SPY,517.67,518.98,517.35,518.86,5233842.0
2024-04-03 15:30:00+00:00,SPY,517.72,520.95,517.66,520.62,4403233.0
2024-04-03 19:30:00+00:00,SPY,520.63,520.8,517.77,519.41,4316654.0
2024-04-04 15:30:00+00:00,SPY,523.53,523.86,522.36,523.18,3895604.0
2024-04-04 19:30:00+00:00,SPY,523.17,523.18,512.76,513.09,10929557.0
2024-04-05 15:30:00+00:00,SPY,514.46,520.44,514.02,519.26,7210855.0
2024-04-05 19:30:00+00:00,SPY,519.26,519.59,516.97,518.41,4911676.0
2024-04-08 15:30:00+00:00,SPY,519.16,520.17,517.89,519.28,4429561.0
2024-04-08 19:30:00+00:00,SPY,519.28,519.69,518.23,518.66,3761626.0
2024-04-09 15:30:00+00:00,SPY,520.51,520.74,514.35,517.17,5967274.0
2024-04-09 19:30:00+00:00,SPY,517.16,519.44,515.72,519.3,4127334.0
2024-04-10 15:30:00+00:00,SPY,513.48,516.16,512.09,513.87,7077700.0
2024-04-10 19:30:00+00:00,SPY,513.85,515.07,512.29,514.16,5450303.0
2024-04-11 15:30:00+00:00,SPY,515.68,517.91,512.09,517.51,5539305.0
2024-04-11 19:30:00+00:00,SPY,517.52,519.47,516.96,518.05,4316006.0
2024-04-12 15:30:00+00:00,SPY,514.37,515.815,509.47,509.7,7976008.0
2024-04-12 19:30:00+00:00,SPY,509.69,511.415,509.09,510.83,5921445.0
2024-04-15 15:30:00+00:00,SPY,515.13,515.3,506.56,506.58,7208872.0
2024-04-15 19:30:00+00:00,SPY,506.58,506.84,503.58,504.51,7257499.0
2024-04-16 15:30:00+00:00,SPY,504.94,505.36,502.43,504.32,4643977.0
2024-04-16 19:30:00+00:00,SPY,504.35,506.5,502.22,503.49,6241354.0
2024-04-17 15:30:00+00:00,SPY,506.05,506.22,499.12,501.78,6228630.0
2024-04-17 19:30:00+00:00,SPY,501.78,504.03,500.38,500.48,4622469.0
2024-04-18 15:30:00+00:00,SPY,501.98,504.12,498.88,500.25,5015803.0
2024-04-18 19:30:00+00:00,SPY,500.27,500.83,498.56,499.47,4003159.0
2024-04-19 15:30:00+00:00,SPY,499.44,500.44,495.08,496.535,6242756.0
2024-04-19 19:30:00+00:00,SPY,496.52,498.46,493.86,495.1,5512300.0
2024-04-22 15:30:00+00:00,SPY,497.85,500.04,495.43,500.04,4284738.0
2024-04-22 19:30:00+00:00,SPY,500.04,502.38,498.91,499.66,4672001.0
2024-04-23 15:30:00+00:00,SPY,501.81,505.59,501.23,505.37,5063578.0
2024-04-23 19:30:00+00:00,SPY,505.38,506.09,504.97,505.65,3500483.0
2024-04-24 15:30:00+00:00,SPY,506.55,507.37,503.13,505.21,4107414.0
2024-04-24 19:30:00+00:00,SPY,505.21,506.54,504.23,505.45,2727846.0
2024-04-25 15:30:00+00:00,SPY,499.18,502.37,497.49,501.7,5158629.0
2024-04-25 19:30:00+00:00,SPY,501.68,504.26,501.54,503.39,3681868.0
2024-04-26 15:30:00+00:00,SPY,506.36,509.81,505.7,509.59,4563507.0
2024-04-26 19:30:00+00:00,SPY,509.6,509.88,508.16,508.23,3279772.0
2024-04-29 15:30:00+00:00,SPY,510.08,510.75,509.0,510.38,2869849.0
2024-04-29 19:30:00+00:00,SPY,510.38,510.52,507.25,510.05,3122036.0
2024-04-30 15:30:00+00:00,SPY,508.55,509.56,504.71,505.25,4701120.0
2024-04-30 19:30:00+00:00,SPY,505.25,506.54,502.03,502.03,4815584.0
2024-05-01 15:30:00+00:00,SPY,501.38,501.82,499.87,500.73,3490000.0
2024-05-01 19:30:00+00:00,SPY,500.73,508.2,500.08,500.25,8118785.0
2024-05-02 15:30:00+00:00,SPY,504.13,504.68,499.55,504.11,4374163.0
2024-05-02 19:30:00+00:00,SPY,504.11,505.88,503.39,505.0,4087207.0
2024-05-03 15:30:00+00:00,SPY,511.16,512.54,508.56,511.1,6384383.0
2024-05-03 19:30:00+00:00,SPY,511.12,511.99,510.68,511.28,3510883.0
2024-05-06 15:30:00+00:00,SPY,513.75,514.96,513.31,514.635,3241398.0
2024-05-06 19:30:00+00:00,SPY,514.63,516.61,514.55,516.59,3084004.0
2024-05-07 15:30:00+00:00,SPY,517.56,518.48,516.95,518.43,3124462.0
2024-05-07 19:30:00+00:00,SPY,518.42,518.57,516.45,517.2,3762484.0
2024-05-08 15:30:00+00:00,SPY,515.25,517.72,515.15,516.29,2725892.0
2024-05-08 19:30:00+00:00,SPY,516.29,517.71,516.2,517.2,2128021.0
2024-05-09 15:30:00+00:00,SPY,517.38,519.63,516.7,519.5,3589708.0
2024-05-09 19:30:00+00:00,SPY,519.51,520.2,518.93,520.14,3166786.0
2024-05-10 15:30:00+00:00,SPY,521.81,522.63,519.58,520.11,3915260.0
2024-05-10 19:30:00+00:00,SPY,520.14,521.34,519.92,520.83,2434392.0
2024-05-13 15:30:00+00:00,SPY,522.56,522.66,519.74,520.85,3080592.0
2024-05-13 19:30:00+00:00,SPY,520.86,521.14,520.315,520.9,1989171.0
2024-05-14 15:30:00+00:00,SPY,521.12,522.41,520.56,521.04,2899419.0
2024-05-14 19:30:00+00:00,SPY,521.04,523.82,520.98,523.28,3701261.0
2024-05-15 15:30:00+00:00,SPY,525.84,528.84,525.18,528.79,4152018.0
2024-05-15 19:30:00+00:00,SPY,528.79,530.08,528.35,529.8,3998804.0
2024-05-16 15:30:00+00:00,SPY,529.88,531.52,529.43,529.82,2783302.0
2024-05-16 19:30:00+00:00,SPY,529.8,530.2,528.55,528.66,3116960.0
2024-05-17 15:30:00+00:00,SPY,528.81,529.3,528.05,528.7,2563155.0
2024-05-17 19:30:00+00:00,SPY,528.7,529.51,527.33,529.43,3288445.0
2024-05-20 15:30:00+00:00,SPY,529.57,531.56,529.47,530.35,1757527.0
2024-05-20 19:30:00+00:00,SPY,530.36,530.53,529.17,530.02,2397577.0
2024-05-21 15:30:00+00:00,SPY,529.28,530.725,529.07,530.14,1642230.0
2024-05-21 19:30:00+00:00,SPY,530.14,531.51,530.07,531.34,2239690.0
2024-05-22 15:30:00+00:00,SPY,530.65,531.38,530.16,530.92,1481982.0
2024-05-22 19:30:00+00:00,SPY,530.91,530.92,527.6,529.78,3444985.0
2024-05-23 15:30:00+00:00,SPY,532.97,533.07,528.83,529.46,2810782.0
2024-05-23 19:30:00+00:00,SPY,529.46,529.46,524.73,525.96,3827899.0
2024-05-24 15:30:00+00:00,SPY,527.85,530.27,526.885,529.63,2847706.0
2024-05-24 19:30:00+00:00,SPY,529.61,530.1,528.28,529.51,1855003.0
2024-05-28 15:30:00+00:00,SPY,530.26,530.5,529.0,529.48,1712665.0
2024-05-28 19:30:00+00:00,SPY,529.49,529.9,527.11,529.86,2600244.0
2024-05-29 15:30:00+00:00,SPY,525.7,527.31,525.39,526.94,2605510.0
2024-05-29 19:30:00+00:00,SPY,526.92,527.19,525.56,526.11,2223323.0
2024-05-30 15:30:00+00:00,SPY,524.51,525.14,522.88,524.96,2320597.0
2024-05-30 19:30:00+00:00,SPY,524.96,525.19,521.34,522.62,3101518.0
2024-05-31 15:30:00+00:00,SPY,523.6,524.81,518.36,520.815,3464965.0
2024-05-31 19:30:00+00:00,SPY,520.81,527.5,520.45,527.39,6853699.0
2024-06-03 15:30:00+00:00,SPY,529.02,529.2,522.6,524.63,4142017.0
2024-06-03 19:30:00+00:00,SPY,524.64,527.83,524.58,527.75,2526001.0
2024-06-04 15:30:00+00:00,SPY,526.46,527.75,524.95,526.97,2213417.0
2024-06-04 19:30:00+00:00,SPY,527.0,529.15,526.35,528.32,2193983.0
2024-06-05 15:30:00+00:00,SPY,530.77,532.98,528.75,532.73,3171771.0
2024-06-05 19:30:00+00:00,SPY,532.74,534.69,532.63,534.66,2524023.0
2024-06-06 15:30:00+00:00,SPY,534.97,535.41,533.25,534.14,2238082.0
2024-06-06 19:30:00+00:00,SPY,534.14,534.67,532.68,534.62,1707662.0
2024-06-07 15:30:00+00:00,SPY,533.66,536.9,532.54,536.16,2407579.0
2024-06-07 19:30:00+00:00,SPY,536.2,536.42,533.49,533.97,2295517.0
2024-06-10 15:30:00+00:00,SPY,533.2,535.14,532.56,534.31,2043575.0
2024-06-10 19:30:00+00:00,SPY,534.31,536.0,534.23,535.66,3452059.0
2024-06-11 15:30:00+00:00,SPY,534.09,534.81,532.04,534.25,2037614.0
2024-06-11 19:30:00+00:00,SPY,534.24,537.01,534.21,536.94,2630491.0
2024-06-12 15:30:00+00:00,SPY,541.63,543.96,541.22,542.92,3203327.0
2024-06-12 19:30:00+00:00,SPY,542.92,544.12,540.33,541.3,4244403.0
2024-06-13 15:30:00+00:00,SPY,543.15,543.19,539.59,541.72,2550951.0
2024-06-13 19:30:00+00:00,SPY,541.74,543.32,541.19,542.41,2349139.0
2024-06-14 15:30:00+00:00,SPY,540.88,542.41,539.86,542.1,2213776.0
2024-06-14 19:30:00+00:00,SPY,542.07,542.805,541.17,542.74,2021393.0
2024-06-17 15:30:00+00:00,SPY,542.08,546.55,541.61,546.35,2374555.0
2024-06-17 19:30:00+00:00,SPY,546.37,548.53,546.32,547.05,3612058.0
2024-06-18 15:30:00+00:00,SPY,547.16,548.21,546.73,548.07,1742059.0
2024-06-18 19:30:00+00:00,SPY,548.07,548.62,547.09,548.47,2582412.0
2024-06-20 15:30:00+00:00,SPY,549.44,550.12,545.75,546.02,2957210.0
2024-06-20 19:30:00+00:00,SPY,546.0,548.19,545.19,546.98,4940867.0
2024-06-21 15:30:00+00:00,SPY,544.42,545.65,543.03,544.09,2388959.0
2024-06-21 19:30:00+00:00,SPY,544.07,545.22,543.56,544.13,3496248.0
2024-06-24 15:30:00+00:00,SPY,544.33,546.94,543.75,544.27,2520365.0
2024-06-24 19:30:00+00:00,SPY,544.27,544.65,542.63,542.63,3583484.0
2024-06-25 15:30:00+00:00,SPY,543.99,544.48,542.44,543.69,1996645.0
2024-06-25 19:30:00+00:00,SPY,543.69,545.2,543.44,544.79,2227005.0
2024-06-26 15:30:00+00:00,SPY,543.68,545.47,543.04,544.52,2472218.0
2024-06-26 19:30:00+00:00,SPY,544.53,546.23,544.14,545.52,1910678.0
2024-06-27 15:30:00+00:00,SPY,545.37,546.97,544.68,546.26,2274954.0
2024-06-27 19:30:00+00:00,SPY,546.31,546.425,544.63,546.34,2453223.0
2024-06-28 15:30:00+00:00,SPY,547.165,550.28,545.49,546.28,3604206.0
2024-06-28 19:30:00+00:00,SPY,546.28,546.57,542.95,544.11,5378110.0
2024-07-01 15:30:00+00:00,SPY,545.63,545.85,542.53,545.06,2820671.0
2024-07-01 19:30:00+00:00,SPY,545.07,545.88,543.82,545.36,2019341.0
2024-07-02 15:30:00+00:00,SPY,543.7,546.92,543.65,546.66,2078404.0
2024-07-02 19:30:00+00:00,SPY,546.67,548.98,546.46,548.97,2394665.0
2024-07-03 15:30:00+00:00,SPY,548.69,551.83,548.65,551.39,3879997.0
2024-07-05 15:30:00+00:00,SPY,551.77,553.975,551.125,553.87,2282396.0
2024-07-05 19:30:00+00:00,SPY,553.89,555.05,553.84,554.68,2908568.0
2024-07-08 15:30:00+00:00,SPY,555.44,556.25,554.3,554.9,1748974.0
2024-07-08 19:30:00+00:00,SPY,554.91,555.55,554.19,555.34,1852213.0
2024-07-09 15:30:00+00:00,SPY,556.26,557.18,555.67,556.01,2081596.0
2024-07-09 19:30:00+00:00,SPY,556.0,556.34,555.52,555.85,1862174.0
2024-07-10 15:30:00+00:00,SPY,557.07,559.74,556.77,559.37,1975872.0
2024-07-10 19:30:00+00:00,SPY,559.35,561.67,559.21,561.26,2853895.0
2024-07-11 15:30:00+00:00,SPY,561.44,562.33,555.88,557.08,3606903.0
2024-07-11 19:30:00+00:00,SPY,557.07,557.57,555.83,556.43,3599879.0
2024-07-12 15:30:00+00:00,SPY,557.63,562.43,557.15,562.43,3413452.0
2024-07-12 19:30:00+00:00,SPY,562.43,563.67,558.95,559.9,4027152.0
2024-07-15 15:30:00+00:00,SPY,562.01,564.83,561.36,561.67,2602301.0
2024-07-15 19:30:00+00:00,SPY,561.64,562.56,559.62,561.49,2711816.0
2024-07-16 15:30:00+00:00,SPY,562.87,564.47,562.1,562.73,2013122.0
2024-07-16 19:30:00+00:00,SPY,562.71,565.16,562.49,564.85,2336323.0
2024-07-17 15:30:00+00:00,SPY,558.79,560.51,556.62,557.39,3752028.0
2024-07-17 19:30:00+00:00,SPY,557.37,558.38,556.84,556.96,3131563.0
2024-07-18 15:30:00+00:00,SPY,558.51,559.53,552.39,554.36,4033679.0
2024-07-18 19:30:00+00:00,SPY,554.38,554.81,550.45,552.75,3764661.0
2024-07-19 15:30:00+00:00,SPY,552.42,554.05,547.9,548.55,3867066.0
2024-07-19 19:30:00+00:00,SPY,548.57,550.46,548.02,548.92,3724900.0
2024-07-22 15:30:00+00:00,SPY,553.0,554.46,551.03,554.13,3528316.0
2024-07-22 19:30:00+00:00,SPY,554.14,555.27,554.12,554.67,2133083.0
2024-07-23 15:30:00+00:00,SPY,554.54,556.74,554.13,554.765,2173931.0
2024-07-23 19:30:00+00:00,SPY,554.73,555.55,553.27,553.73,1762840.0
2024-07-24 15:30:00+00:00,SPY,548.87,549.17,543.64,544.28,4391498.0
2024-07-24 19:30:00+00:00,SPY,544.27,544.95,540.3,541.18,5118343.0
2024-07-25 15:30:00+00:00,SPY,541.35,547.45,537.45,544.72,5368595.0
2024-07-25 19:30:00+00:00,SPY,544.73,545.1,538.13,538.32,4024404.0
2024-07-26 15:30:00+00:00,SPY,542.28,547.19,541.5,547.05,4199139.0
2024-07-26 19:30:00+00:00,SPY,547.05,547.13,542.74,544.4,3530086.0
2024-07-29 15:30:00+00:00,SPY,546.02,547.05,542.73,545.31,2604319.0
2024-07-29 19:30:00+00:00,SPY,545.32,546.05,544.47,544.75,1823850.0
2024-07-30 15:30:00+00:00,SPY,546.26,547.34,538.51,540.52,3240515.0
2024-07-30 19:30:00+00:00,SPY,540.5,543.655,540.19,541.92,2493712.0
2024-07-31 15:30:00+00:00,SPY,548.98,551.7,547.58,550.33,3107656.0
2024-07-31 19:30:00+00:00,SPY,550.32,553.5,548.65,550.45,5251825.0
2024-08-01 15:30:00+00:00,SPY,552.57,554.86,541.83,542.27,4774331.0
2024-08-01 19:30:00+00:00,SPY,542.29,543.48,539.43,543.05,5096905.0
2024-08-02 15:30:00+00:00,SPY,535.73,536.97,528.6,530.58,6989887.0
2024-08-02 19:30:00+00:00,SPY,530.56,533.17,529.55,532.98,4206860.0
2024-08-05 15:30:00+00:00,SPY,511.65,523.58,510.28,519.64,12524192.0
2024-08-05 19:30:00+00:00,SPY,519.64,520.89,514.9,517.46,7291607.0
2024-08-06 15:30:00+00:00,SPY,519.22,528.15,517.88,527.84,5086236.0
2024-08-06 19:30:00+00:00,SPY,527.88,529.75,521.98,522.19,5510670.0
2024-08-07 15:30:00+00:00,SPY,528.48,531.59,522.27,523.62,4708613.0
2024-08-07 19:30:00+00:00,SPY,523.64,524.98,518.05,518.64,5226994.0
2024-08-08 15:30:00+00:00,SPY,523.85,529.98,521.84,529.95,4327929.0
2024-08-08 19:30:00+00:00,SPY,529.97,531.3,528.21,530.63,4048455.0
2024-08-09 15:30:00+00:00,SPY,529.81,534.14,528.57,534.12,3016362.0
2024-08-09 19:30:00+00:00,SPY,534.13,534.51,531.47,532.91,2437155.0
2024-08-12 15:30:00+00:00,SPY,534.2,535.73,530.97,533.44,3262701.0
2024-08-12 19:30:00+00:00,SPY,533.44,533.85,531.76,533.26,2472172.0
2024-08-13 15:30:00+00:00,SPY,536.59,541.12,536.28,540.74,2739972.0
2024-08-13 19:30:00+00:00,SPY,540.75,542.28,539.48,541.99,3050188.0
2024-08-14 15:30:00+00:00,SPY,542.85,544.96,540.13,543.22,3102214.0
2024-08-14 19:30:00+00:00,SPY,543.19,544.68,542.61,543.76,2748790.0
2024-08-15 15:30:00+00:00,SPY,549.5,552.71,548.88,552.04,4502875.0
2024-08-15 19:30:00+00:00,SPY,552.05,553.36,551.92,553.12,3877760.0
2024-08-16 15:30:00+00:00,SPY,551.42,555.01,551.255,554.58,2307263.0
2024-08-16 19:30:00+00:00,SPY,554.61,554.86,553.56,554.26,2089184.0
2024-08-19 15:30:00+00:00,SPY,554.73,557.47,553.86,557.12,2180782.0
2024-08-19 19:30:00+00:00,SPY,557.13,559.58,556.9,559.55,2643416.0
2024-08-20 15:30:00+00:00,SPY,559.15,560.85,557.32,558.17,2252777.0
2024-08-20 19:30:00+00:00,SPY,558.18,559.73,557.69,558.62,1694933.0
2024-08-21 15:30:00+00:00,SPY,559.77,562.11,557.97,560.02,2264996.0
2024-08-21 19:30:00+00:00,SPY,560.02,561.69,559.21,560.71,2475859.0
2024-08-22 15:30:00+00:00,SPY,562.56,563.17,556.89,557.53,3181795.0
2024-08-22 19:30:00+00:00,SPY,557.49,557.62,554.98,556.19,3331588.0
2024-08-23 15:30:00+00:00,SPY,559.53,563.1,557.29,560.26,4380730.0
2024-08-23 19:30:00+00:00,SPY,560.27,562.68,560.16,562.09,2390707.0
2024-08-26 15:30:00+00:00,SPY,563.18,563.91,559.74,560.96,2305668.0
2024-08-26 19:30:00+00:00,SPY,560.95,561.09,559.05,560.75,2239258.0
2024-08-27 15:30:00+00:00,SPY,559.46,562.05,558.32,561.75,2106194.0
2024-08-27 19:30:00+00:00,SPY,561.8,562.05,561.14,561.53,1942749.0
2024-08-28 15:30:00+00:00,SPY,561.21,561.65,556.89,557.95,2081478.0
2024-08-28 19:30:00+00:00,SPY,557.89,559.35,555.04,558.33,2964569.0
2024-08-29 15:30:00+00:00,SPY,560.31,563.68,559.4,562.46,2542407.0
2024-08-29 19:30:00+00:00,SPY,562.47,562.89,557.18,558.305,2931161.0
2024-08-30 15:30:00+00:00,SPY,560.78,562.25,557.14,558.91,2396546.0
2024-08-30 19:30:00+00:00,SPY,558.91,564.2,558.61,563.59,3896637.0
2024-09-03 15:30:00+00:00,SPY,560.47,560.79,554.68,555.66,3659228.0
2024-09-03 19:30:00+00:00,SPY,555.66,555.72,549.51,552.14,4065485.0
2024-09-04 15:30:00+00:00,SPY,550.2,554.41,550.01,551.2,3369979.0
2024-09-04 19:30:00+00:00,SPY,551.2,551.96,549.47,550.83,3043068.0
2024-09-05 15:30:00+00:00,SPY,550.89,553.78,547.1,547.78,3345789.0
2024-09-05 19:30:00+00:00,SPY,547.75,551.17,547.75,549.54,2585306.0
2024-09-06 15:30:00+00:00,SPY,549.905,551.58,539.66,540.82,5040585.0
2024-09-06 19:30:00+00:00,SPY,540.79,541.88,539.44,540.43,3923498.0
2024-09-09 15:30:00+00:00,SPY,544.65,547.72,542.69,547.33,2467136.0
2024-09-09 19:30:00+00:00,SPY,547.32,547.33,544.19,546.42,2320257.0
2024-09-10 15:30:00+00:00,SPY,548.35,548.66,543.4,546.36,3003569.0
2024-09-10 19:30:00+00:00,SPY,546.36,549.15,546.3,548.78,2057065.0
2024-09-11 15:30:00+00:00,SPY,548.7,549.19,539.95,548.89,4769861.0
2024-09-11 19:30:00+00:00,SPY,548.9,555.36,548.82,554.36,4125919.0
2024-09-12 15:30:00+00:00,SPY,555.01,558.09,552.74,557.85,3352736.0
2024-09-12 19:30:00+00:00,SPY,557.86,559.38,556.53,559.01,3072689.0
2024-09-13 15:30:00+00:00,SPY,559.7,562.94,559.45,562.74,2753624.0
2024-09-13 19:30:00+00:00,SPY,562.75,563.03,561.03,561.96,2051659.0
2024-09-16 15:30:00+00:00,SPY,561.74,562.91,559.9,561.73,2599830.0
2024-09-16 19:30:00+00:00,SPY,561.73,563.11,561.61,562.86,1532635.0
2024-09-17 15:30:00+00:00,SPY,565.1,566.57,560.97,562.73,3711826.0
2024-09-17 19:30:00+00:00,SPY,562.72,563.18,560.79,563.09,2596057.0
2024-09-18 15:30:00+00:00,SPY,563.74,563.93,561.34,563.72,2192240.0
2024-09-18 19:30:00+00:00,SPY,563.71,568.68,560.84,561.36,6627795.0
2024-09-19 15:30:00+00:00,SPY,571.01,572.08,568.07,571.86,3456293.0
2024-09-19 19:30:00+00:00,SPY,571.86,572.88,570.36,570.91,4421986.0
2024-09-20 15:30:00+00:00,SPY,567.86,568.53,565.17,568.23,3062247.0
2024-09-20 19:30:00+00:00,SPY,568.225,569.32,566.08,568.1,3393687.0
2024-09-23 15:30:00+00:00,SPY,569.34,570.34,568.1,568.78,2435786.0
2024-09-23 19:30:00+00:00,SPY,568.78,569.91,568.6,569.61,1679665.0
2024-09-24 15:30:00+00:00,SPY,570.46,571.19,567.6,570.61,2918102.0
2024-09-24 19:30:00+00:00,SPY,570.61,571.36,569.43,571.23,3057174.0
2024-09-25 15:30:00+00:00,SPY,571.14,571.89,569.14,569.74,3420401.0
2024-09-25 19:30:00+00:00,SPY,569.72,570.38,568.91,570.01,2189229.0
2024-09-26 15:30:00+00:00,SPY,574.4,574.72,569.89,571.1,3510928.0
2024-09-26 19:30:00+00:00,SPY,571.099,572.74,571.07,572.22,2600542.0
2024-09-27 15:30:00+00:00,SPY,573.39,574.21,571.75,571.78,2184349.0
2024-09-27 19:30:00+00:00,SPY,571.77,572.65,570.42,571.4,2800068.0
2024-09-30 15:30:00+00:00,SPY,570.42,572.26,570.26,571.06,1766405.0
2024-09-30 19:30:00+00:00,SPY,571.04,574.38,568.1,574.04,4960905.0
2024-10-01 15:30:00+00:00,SPY,573.4,573.46,566.0,566.44,6878710.0
2024-10-01 19:30:00+00:00,SPY,566.43,570.93,566.28,568.7,3392045.0
2024-10-02 15:30:00+00:00,SPY,567.7,569.9,565.27,568.42,3244249.0
2024-10-02 19:30:00+00:00,SPY,568.4,569.47,567.58,568.75,2127738.0
2024-10-03 15:30:00+00:00,SPY,567.36,569.8,565.49,566.46,3200174.0
2024-10-03 19:30:00+00:00,SPY,566.43,568.27,566.05,567.77,2230029.0
2024-10-04 15:30:00+00:00,SPY,572.34,572.71,568.1,571.05,2927632.0
2024-10-04 19:30:00+00:00,SPY,571.07,573.36,569.58,572.97,2046219.0
2024-10-07 15:30:00+00:00,SPY,571.3,571.95,570.1,570.37,1925960.0
2024-10-07 19:30:00+00:00,SPY,570.35,570.55,566.63,567.81,3104972.0
2024-10-08 15:30:00+00:00,SPY,570.44,572.55,569.52,571.22,2586691.0
2024-10-08 19:30:00+00:00,SPY,571.2,573.78,571.12,573.11,1927976.0
2024-10-09 15:30:00+00:00,SPY,573.17,577.06,572.56,576.49,2466200.0
2024-10-09 19:30:00+00:00,SPY,576.46,577.71,574.99,577.11,2260511.0
2024-10-10 15:30:00+00:00,SPY,575.77,577.58,574.56,576.37,2419880.0
2024-10-10 19:30:00+00:00,SPY,576.37,576.675,574.49,576.13,2032184.0
2024-10-11 15:30:00+00:00,SPY,576.05,580.095,575.911,578.87,2799346.0
2024-10-11 19:30:00+00:00,SPY,578.85,580.33,578.65,579.57,1979206.0
2024-10-14 15:30:00+00:00,SPY,581.2,584.12,580.8,583.78,2174128.0
2024-10-14 19:30:00+00:00,SPY,583.77,585.27,583.31,584.29,2642604.0
2024-10-15 15:30:00+00:00,SPY,584.62,584.89,580.81,581.08,2970332.0
2024-10-15 19:30:00+00:00,SPY,581.01,581.75,578.545,579.81,3450718.0
2024-10-16 15:30:00+00:00,SPY,579.78,581.61,578.96,581.16,1625661.0
2024-10-16 19:30:00+00:00,SPY,581.16,582.83,581.145,582.27,2026677.0
2024-10-17 15:30:00+00:00,SPY,585.91,586.12,582.37,584.23,2100073.0
2024-10-17 19:30:00+00:00,SPY,584.22,584.69,582.16,582.26,1920554.0
2024-10-18 15:30:00+00:00,SPY,584.07,585.25,582.6,584.62,1727630.0
2024-10-18 19:30:00+00:00,SPY,584.63,585.39,583.84,584.57,1393067.0
2024-10-21 15:30:00+00:00,SPY,583.85,584.85,580.61,582.92,2567532.0
2024-10-21 19:30:00+00:00,SPY,582.92,583.72,582.18,583.67,1714116.0
2024-10-22 15:30:00+00:00,SPY,581.05,582.72,580.38,582.66,1858379.0
2024-10-22 19:30:00+00:00,SPY,582.67,584.5,582.64,583.32,1972518.0
2024-10-23 15:30:00+00:00,SPY,581.26,581.7,576.47,577.0,2962484.0
2024-10-23 19:30:00+00:00,SPY,576.97,578.13,574.41,577.93,3505437.0
2024-10-24 15:30:00+00:00,SPY,579.98,580.06,576.57,579.04,2440023.0
2024-10-24 19:30:00+00:00,SPY,579.06,579.88,578.09,579.2,1978694.0
2024-10-25 15:30:00+00:00,SPY,581.51,584.46,580.01,580.47,2734423.0
2024-10-25 19:30:00+00:00,SPY,580.38,580.57,578.08,579.01,2447670.0
2024-10-28 14:30:00+00:00,SPY,582.54,582.71,580.58,581.33,2101671.0
2024-10-28 18:30:00+00:00,SPY,581.37,581.83,580.52,580.77,2062542.0
2024-10-29 14:30:00+00:00,SPY,579.87,582.77,578.43,581.99,2070053.0
2024-10-29 18:30:00+00:00,SPY,582.01,582.91,581.35,581.7,2108090.0
2024-10-30 14:30:00+00:00,SPY,581.28,583.32,579.29,581.52,2267683.0
2024-10-30 18:30:00+00:00,SPY,581.47,581.81,579.36,579.96,3121154.0
2024-10-31 14:30:00+00:00,SPY,575.6,575.6,570.07,571.17,3395107.0
2024-10-31 18:30:00+00:00,SPY,571.17,572.0,568.44,568.54,3202726.0
2024-11-01 14:30:00+00:00,SPY,571.27,575.55,570.68,573.69,2895572.0
2024-11-01 18:30:00+00:00,SPY,573.68,573.76,570.62,571.04,2379028.0
2024-11-04 15:30:00+00:00,SPY,571.18,572.5,567.89,570.55,2047581.0
2024-11-04 19:30:00+00:00,SPY,570.54,571.26,569.17,569.78,2039058.0
2024-11-05 15:30:00+00:00,SPY,570.74,576.43,570.52,575.38,2417333.0
2024-11-05 19:30:00+00:00,SPY,575.409,576.71,574.6,576.69,2319727.0
2024-11-06 15:30:00+00:00,SPY,589.2,590.27,585.41,590.19,4828008.0
2024-11-06 19:30:00+00:00,SPY,590.2,591.93,589.8,591.02,3550340.0
2024-11-07 15:30:00+00:00,SPY,593.08,595.55,592.99,594.855,2168951.0
2024-11-07 19:30:00+00:00,SPY,594.85,596.65,593.92,595.55,2440250.0
2024-11-08 15:30:00+00:00,SPY,596.17,598.35,596.16,598.17,2438847.0
2024-11-08 19:30:00+00:00,SPY,598.16,599.64,597.62,598.24,3186916.0
2024-11-11 15:30:00+00:00,SPY,599.82,600.17,597.0,597.86,2407884.0
2024-11-11 19:30:00+00:00,SPY,597.85,598.84,597.58,598.72,2158651.0
2024-11-12 15:30:00+00:00,SPY,598.71,599.29,594.37,595.83,2391440.0
2024-11-12 19:30:00+00:00,SPY,595.81,598.4,595.8,596.88,2550183.0
2024-11-13 15:30:00+00:00,SPY,597.37,599.23,594.989,598.77,2541656.0
2024-11-13 19:30:00+00:00,SPY,598.75,599.16,596.48,597.18,3283004.0
2024-11-14 15:30:00+00:00,SPY,597.32,597.81,593.74,595.13,2058627.0
2024-11-14 19:30:00+00:00,SPY,595.14,595.79,592.65,593.38,2844016.0
2024-11-15 15:30:00+00:00,SPY,589.77,590.2,584.64,585.39,4177986.0
2024-11-15 19:30:00+00:00,SPY,585.37,586.23,583.86,585.73,2805012.0
2024-11-18 15:30:00+00:00,SPY,586.22,589.49,585.35,588.15,2270372.0
2024-11-18 19:30:00+00:00,SPY,588.14,588.44,587.02,588.13,2371962.0
2024-11-19 15:30:00+00:00,SPY,584.69,589.63,584.02,589.55,2779901.0
2024-11-19 19:30:00+00:00,SPY,589.55,591.06,589.09,590.32,2180362.0
2024-11-20 15:30:00+00:00,SPY,590.38,590.53,584.64,587.6,2927751.0
2024-11-20 19:30:00+00:00,SPY,587.595,590.79,586.16,590.47,2458490.0
2024-11-21 15:30:00+00:00,SPY,593.4,594.66,587.43,594.43,3518851.0
2024-11-21 19:30:00+00:00,SPY,594.45,595.12,593.52,593.62,2526109.0
2024-11-22 15:30:00+00:00,SPY,593.66,596.15,593.18,595.53,2452152.0
2024-11-22 19:30:00+00:00,SPY,595.53,596.09,594.15,595.49,1924390.0
2024-11-25 15:30:00+00:00,SPY,599.52,600.86,595.2,597.16,3902770.0
2024-11-25 19:30:00+00:00,SPY,597.18,597.75,596.49,597.44,2062712.0
2024-11-26 15:30:00+00:00,SPY,598.8,600.14,598.07,599.89,2330562.0
2024-11-26 19:30:00+00:00,SPY,599.85,601.33,599.21,600.75,3177570.0
2024-11-27 15:30:00+00:00,SPY,600.46,600.84,597.28,598.49,2831203.0
2024-11-27 19:30:00+00:00,SPY,598.46,599.12,597.93,598.74,1707525.0
2024-11-29 15:30:00+00:00,SPY,599.61,603.35,599.39,602.45,3450400.0
2024-12-02 15:30:00+00:00,SPY,602.98,603.96,602.47,603.67,2036832.0
2024-12-02 19:30:00+00:00,SPY,603.66,604.31,603.05,603.66,1820839.0
2024-12-03 15:30:00+00:00,SPY,603.39,603.85,602.35,603.56,1655831.0
2024-12-03 19:30:00+00:00,SPY,603.54,604.17,603.17,603.85,1622751.0
2024-12-04 15:30:00+00:00,SPY,605.64,606.54,604.95,605.87,2059320.0
2024-12-04 19:30:00+00:00,SPY,605.87,607.91,605.2,607.62,2582956.0
2024-12-05 15:30:00+00:00,SPY,607.66,608.48,606.81,607.25,1846841.0
2024-12-05 19:30:00+00:00,SPY,607.32,607.88,606.3,606.61,2233377.0
2024-12-06 15:30:00+00:00,SPY,607.43,609.07,607.07,608.07,1665642.0
2024-12-06 19:30:00+00:00,SPY,608.06,608.11,607.02,607.88,1746335.0
2024-12-09 15:30:00+00:00,SPY,607.69,607.86,604.61,605.74,1947649.0
2024-12-09 19:30:00+00:00,SPY,605.72,606.44,604.08,604.63,2663316.0
2024-12-10 15:30:00+00:00,SPY,605.37,605.7,604.08,604.375,1718537.0
2024-12-10 19:30:00+00:00,SPY,604.37,604.62,602.14,602.88,2421451.0
2024-12-11 15:30:00+00:00,SPY,605.78,608.43,605.5,608.33,2148185.0
2024-12-11 19:30:00+00:00,SPY,608.33,608.4,607.31,607.51,1391652.0
2024-12-12 15:30:00+00:00,SPY,606.58,607.16,605.14,606.5,1713897.0
2024-12-12 19:30:00+00:00,SPY,606.51,606.54,604.33,604.37,1759569.0
2024-12-13 15:30:00+00:00,SPY,606.4,607.13,602.82,603.99,2353016.0
2024-12-13 19:30:00+00:00,SPY,603.97,604.7,603.69,604.26,1641856.0
2024-12-16 15:30:00+00:00,SPY,606.0,607.72,605.22,607.71,1944747.0
2024-12-16 19:30:00+00:00,SPY,607.71,607.78,606.06,606.77,2647535.0
2024-12-17 15:30:00+00:00,SPY,604.19,605.17,603.16,604.22,2951905.0
2024-12-17 19:30:00+00:00,SPY,604.21,604.73,602.89,604.25,2973610.0
2024-12-18 15:30:00+00:00,SPY,603.98,606.4,603.47,605.22,2329949.0
2024-12-18 19:30:00+00:00,SPY,605.2,605.67,585.89,586.33,8387232.0
2024-12-19 15:30:00+00:00,SPY,591.36,593.0,587.28,589.64,6239484.0
2024-12-19 19:30:00+00:00,SPY,589.63,591.26,585.88,586.16,4138485.0
2024-12-20 15:30:00+00:00,SPY,581.77,595.75,580.91,592.16,6621828.0
2024-12-20 19:30:00+00:00,SPY,592.17,593.94,589.47,590.89,5944356.0
2024-12-23 15:30:00+00:00,SPY,590.89,593.4,587.66,593.31,2592546.0
2024-12-23 19:30:00+00:00,SPY,593.28,595.3,592.25,594.77,2879992.0
2024-12-24 15:30:00+00:00,SPY,596.06,601.34,595.47,601.26,3135631.0
2024-12-26 15:30:00+00:00,SPY,599.5,602.47,598.1,601.66,1743964.0
2024-12-26 19:30:00+00:00,SPY,601.68,602.1,600.66,601.24,1433559.0
2024-12-27 15:30:00+00:00,SPY,597.48,597.78,590.77,592.54,3752898.0
2024-12-27 19:30:00+00:00,SPY,592.53,595.52,592.33,594.99,3715004.0
2024-12-30 15:30:00+00:00,SPY,587.89,591.7,584.41,590.6,3401911.0
2024-12-30 19:30:00+00:00,SPY,590.52,591.52,588.07,588.29,2115254.0
2024-12-31 15:30:00+00:00,SPY,589.905,590.63,584.8,585.0,2694213.0
2024-12-31 19:30:00+00:00,SPY,585.02,587.48,584.42,586.01,4329481.0
2025-01-02 15:30:00+00:00,SPY,589.39,591.13,580.95,582.36,3730653.0
2025-01-02 19:30:00+00:00,SPY,582.33,585.36,580.5,584.65,2863640.0
2025-01-03 15:30:00+00:00,SPY,587.53,591.5,586.42,591.5,2496956.0
2025-01-03 19:30:00+00:00,SPY,591.5,592.6,591.05,591.86,2147202.0
2025-01-06 15:30:00+00:00,SPY,596.27,599.7,595.9,597.399,2586914.0
2025-01-06 19:30:00+00:00,SPY,597.37,597.421,593.6,595.37,2433064.0
2025-01-07 15:30:00+00:00,SPY,597.42,597.75,589.64,592.28,3460389.0
2025-01-07 19:30:00+00:00,SPY,592.26,592.26,586.78,588.74,2692254.0
2025-01-08 15:30:00+00:00,SPY,588.68,589.94,585.2,589.12,2788458.0
2025-01-08 19:30:00+00:00,SPY,589.08,590.54,586.94,589.38,2294263.0
2025-01-10 15:30:00+00:00,SPY,585.88,585.94,578.55,583.24,5285986.0
2025-01-10 19:30:00+00:00,SPY,583.24,584.5,579.7,580.51,3286729.0
2025-01-13 15:30:00+00:00,SPY,575.77,579.74,575.35,579.72,2885554.0
2025-01-13 19:30:00+00:00,SPY,579.68,581.75,578.98,581.51,2292752.0
2025-01-14 15:30:00+00:00,SPY,584.34,585.0,578.35,582.02,2799143.0
2025-01-14 19:30:00+00:00,SPY,582.01,583.79,578.97,582.19,2677894.0
2025-01-15 15:30:00+00:00,SPY,590.33,592.96,589.19,592.27,3189442.0
2025-01-15 19:30:00+00:00,SPY,592.25,593.94,591.97,592.78,2961389.0
2025-01-16 15:30:00+00:00,SPY,594.18,594.36,591.32,592.26,2087491.0
2025-01-16 19:30:00+00:00,SPY,592.26,593.33,590.93,591.67,1833615.0
2025-01-17 15:30:00+00:00,SPY,596.96,599.36,595.61,599.04,2954490.0
2025-01-17 19:30:00+00:00,SPY,599.02,599.11,597.37,597.55,2651492.0
2025-01-21 15:30:00+00:00,SPY,600.71,602.88,598.68,602.58,2203826.0
2025-01-21 19:30:00+00:00,SPY,602.6,602.98,601.67,602.9,2286590.0
2025-01-22 15:30:00+00:00,SPY,605.92,607.83,605.36,607.05,2525844.0
2025-01-22 19:30:00+00:00,SPY,607.07,607.62,606.24,606.33,2074381.0
2025-01-23 15:30:00+00:00,SPY,605.8,608.29,605.52,608.0,2101113.0
2025-01-23 19:30:00+00:00,SPY,608.0,609.74,607.31,609.71,1943906.0
2025-01-24 15:30:00+00:00,SPY,609.81,610.78,608.08,608.45,1903494.0
2025-01-24 19:30:00+00:00,SPY,608.45,608.74,606.81,607.93,2053687.0
2025-01-27 15:30:00+00:00,SPY,594.82,599.68,594.64,596.12,4261444.0
2025-01-27 19:30:00+00:00,SPY,596.11,599.57,596.07,599.39,3349981.0
2025-01-28 15:30:00+00:00,SPY,600.62,604.78,597.25,604.16,2959435.0
2025-01-28 19:30:00+00:00,SPY,604.175,605.38,603.23,604.48,2047005.0
2025-01-29 15:30:00+00:00,SPY,603.74,604.13,599.63,602.34,1860370.0
2025-01-29 19:30:00+00:00,SPY,602.37,603.67,599.22,601.77,2271985.0
2025-01-30 15:30:00+00:00,SPY,603.96,605.98,600.72,604.0,2426237.0
2025-01-30 19:30:00+00:00,SPY,603.99,606.6,601.81,604.99,2826966.0
2025-01-31 15:30:00+00:00,SPY,607.5,609.96,606.69,606.8,2797621.0
2025-01-31 19:30:00+00:00,SPY,606.79,607.03,601.04,601.77,4511787.0
2025-02-03 15:30:00+00:00,SPY,592.67,599.25,590.5,597.83,6030941.0
2025-02-03 19:30:00+00:00,SPY,597.83,600.29,597.4,597.64,2581015.0
2025-02-04 15:30:00+00:00,SPY,597.8,602.1,597.28,601.13,2266261.0
2025-02-04 19:30:00+00:00,SPY,601.12,602.31,600.58,601.77,1998614.0
2025-02-05 15:30:00+00:00,SPY,600.64,603.19,598.58,602.58,2131097.0
2025-02-05 19:30:00+00:00,SPY,602.56,604.36,602.38,604.14,1423291.0
2025-02-06 15:30:00+00:00,SPY,605.98,606.1,604.16,605.59,2024743.0
2025-02-06 19:30:00+00:00,SPY,605.58,606.45,602.64,606.35,2372275.0
2025-02-07 15:30:00+00:00,SPY,606.89,608.13,600.65,603.36,4414229.0
2025-02-07 19:30:00+00:00,SPY,603.33,603.64,600.05,600.76,1761512.0
2025-02-10 15:30:00+00:00,SPY,604.03,605.36,602.75,604.69,2026943.0
2025-02-10 19:30:00+00:00,SPY,604.69,605.5,604.25,604.82,1432618.0
2025-02-11 15:30:00+00:00,SPY,602.55,605.23,602.43,603.97,1782462.0
2025-02-11 19:30:00+00:00,SPY,603.98,605.85,603.95,605.22,2290623.0
2025-02-12 15:30:00+00:00,SPY,599.2,604.55,598.52,603.56,2476723.0
2025-02-12 19:30:00+00:00,SPY,603.59,604.22,602.55,603.33,1946565.0
2025-02-13 15:30:00+00:00,SPY,604.48,607.49,603.22,606.2,2001325.0
2025-02-13 19:30:00+00:00,SPY,606.26,609.94,605.31,609.7,3443373.0
2025-02-14 15:30:00+00:00,SPY,609.94,610.99,609.09,609.9,1585611.0
2025-02-14 19:30:00+00:00,SPY,609.93,610.75,609.545,609.7,1499981.0
2025-02-18 15:30:00+00:00,SPY,610.88,611.0,609.35,609.9,1626526.0
2025-02-18 19:30:00+00:00,SPY,609.89,611.35,608.4,611.35,2038938.0
2025-02-19 15:30:00+00:00,SPY,610.08,611.97,609.56,611.67,1469642.0
2025-02-19 19:30:00+00:00,SPY,611.67,613.23,611.4,612.94,1898684.0
2025-02-20 15:30:00+00:00,SPY,611.545,611.68,607.02,607.941,2457153.0
2025-02-20 19:30:00+00:00,SPY,607.94,610.7,607.82,610.38,1812553.0
2025-02-21 15:30:00+00:00,SPY,610.16,610.27,602.09,602.16,3904287.0
2025-02-21 19:30:00+00:00,SPY,602.16,603.22,599.47,599.97,3872356.0
2025-02-24 15:30:00+00:00,SPY,602.02,603.02,596.48,601.41,3457920.0
2025-02-24 19:30:00+00:00,SPY,601.45,601.63,596.64,597.19,3125029.0
2025-02-25 15:30:00+00:00,SPY,597.15,597.89,589.56,593.695,4628899.0
2025-02-25 19:30:00+00:00,SPY,593.705,596.67,593.02,594.2,2611163.0
2025-02-26 15:30:00+00:00,SPY,595.92,599.58,593.86,593.94,3312626.0
2025-02-26 19:30:00+00:00,SPY,593.905,595.29,591.86,594.45,2379985.0
2025-02-27 15:30:00+00:00,SPY,596.84,598.02,590.52,594.61,4052018.0
2025-02-27 19:30:00+00:00,SPY,594.605,594.96,584.65,585.04,4555899.0
2025-02-28 15:30:00+00:00,SPY,585.56,589.03,582.44,584.72,4899526.0
2025-02-28 19:30:00+00:00,SPY,584.71,594.72,583.54,594.0,4613445.0
2025-03-03 15:30:00+00:00,SPY,596.18,597.34,587.87,588.1,4270593.0
2025-03-03 19:30:00+00:00,SPY,588.12,590.64,579.9,583.97,5843394.0
2025-03-04 15:30:00+00:00,SPY,579.71,580.21,572.24,577.51,7219543.0
2025-03-04 19:30:00+00:00,SPY,577.48,585.39,574.71,576.87,5443145.0
2025-03-05 15:30:00+00:00,SPY,576.7,581.16,573.08,579.23,5561455.0
2025-03-05 19:30:00+00:00,SPY,579.27,584.88,577.91,583.04,4062123.0
2025-03-06 15:30:00+00:00,SPY,575.48,580.18,571.04,572.53,5315892.0
2025-03-06 19:30:00+00:00,SPY,572.55,574.92,570.13,572.81,4077057.0
2025-03-07 15:30:00+00:00,SPY,570.9,576.05,565.63,572.61,6614973.0
2025-03-07 19:30:00+00:00,SPY,572.65,577.39,572.29,575.87,3801745.0
2025-03-10 14:30:00+00:00,SPY,567.59,569.54,561.1,561.85,5273071.0
2025-03-10 18:30:00+00:00,SPY,561.89,562.47,555.59,560.8,6367464.0
2025-03-11 14:30:00+00:00,SPY,559.4,562.11,552.05,552.2,5976297.0
2025-03-11 18:30:00+00:00,SPY,552.16,564.02,552.02,556.09,5111367.0
2025-03-12 14:30:00+00:00,SPY,562.17,563.1,553.69,561.42,5367458.0
2025-03-12 18:30:00+00:00,SPY,561.4,561.9,557.81,558.93,3100166.0
2025-03-13 14:30:00+00:00,SPY,558.49,559.1,550.35,551.13,4097601.0
2025-03-13 18:30:00+00:00,SPY,551.12,554.62,549.68,551.48,3539705.0
2025-03-14 14:30:00+00:00,SPY,556.11,562.8,555.5,561.45,3927209.0
2025-03-14 18:30:00+00:00,SPY,561.45,563.83,560.23,562.78,3429156.0
2025-03-17 14:30:00+00:00,SPY,562.79,566.38,562.36,565.81,2816718.0
2025-03-17 18:30:00+00:00,SPY,565.82,569.705,565.61,567.0,2843992.0
2025-03-18 14:30:00+00:00,SPY,564.8,565.08,559.07,560.56,3735556.0
2025-03-18 18:30:00+00:00,SPY,560.57,562.22,559.75,560.99,2324085.0
2025-03-19 14:30:00+00:00,SPY,562.83,566.3,561.63,563.37,2520670.0
2025-03-19 18:30:00+00:00,SPY,563.36,570.95,562.05,567.01,4730164.0
2025-03-20 14:30:00+00:00,SPY,563.33,570.57,562.61,564.73,3843534.0
2025-03-20 18:30:00+00:00,SPY,564.79,566.65,563.77,565.68,3284177.0
2025-03-21 14:30:00+00:00,SPY,559.27,563.68,558.03,562.04,3701175.0
2025-03-21 18:30:00+00:00,SPY,562.11,564.89,561.48,564.17,3656343.0
2025-03-24 14:30:00+00:00,SPY,570.8,574.39,570.2,573.05,3098481.0
2025-03-24 18:30:00+00:00,SPY,573.06,575.17,572.06,574.03,2954740.0
2025-03-25 14:30:00+00:00,SPY,575.3,576.42,573.94,574.19,2530189.0
2025-03-25 18:30:00+00:00,SPY,574.21,575.59,573.69,575.35,1985769.0
2025-03-26 14:30:00+00:00,SPY,575.19,576.33,568.78,568.985,3200259.0
2025-03-26 18:30:00+00:00,SPY,568.93,569.58,567.2,568.75,3043281.0
2025-03-27 14:30:00+00:00,SPY,567.18,570.9,564.94,566.77,3636591.0
2025-03-27 18:30:00+00:00,SPY,566.77,570.02,566.43,567.03,2913337.0
2025-03-28 14:30:00+00:00,SPY,565.52,566.26,555.25,555.38,5671100.0
2025-03-28 18:30:00+00:00,SPY,555.4,556.97,555.07,555.8,4679396.0
2025-03-31 15:30:00+00:00,SPY,549.83,555.17,546.87,553.64,4966163.0
2025-03-31 19:30:00+00:00,SPY,553.65,560.69,552.73,559.15,6661949.0
2025-04-01 15:30:00+00:00,SPY,557.45,562.94,553.67,559.4,4725982.0
2025-04-01 19:30:00+00:00,SPY,559.33,561.52,556.15,561.05,3138430.0
2025-04-02 15:30:00+00:00,SPY,555.05,567.401,554.82,566.04,4156331.0
2025-04-02 19:30:00+00:00,SPY,566.03,566.08,560.97,564.66,3724783.0
2025-04-03 15:30:00+00:00,SPY,545.11,547.97,539.58,542.26,8895780.0
2025-04-03 19:30:00+00:00,SPY,542.24,543.78,536.9,537.67,6350760.0
2025-04-04 15:30:00+00:00,SPY,523.73,525.87,508.32,511.2,16873584.0
2025-04-04 19:30:00+00:00,SPY,511.17,515.8,505.07,505.48,11250548.0
2025-04-07 15:30:00+00:00,SPY,489.19,523.12,481.8,505.62,27452778.0
2025-04-07 19:30:00+00:00,SPY,505.6,510.47,500.16,504.53,7681761.0
2025-04-08 15:30:00+00:00,SPY,521.86,524.99,502.25,502.41,11902250.0
2025-04-08 19:30:00+00:00,SPY,502.38,509.09,489.16,496.72,11153855.0
2025-04-09 15:30:00+00:00,SPY,493.44,533.4,493.08,523.73,15228294.0
2025-04-09 19:30:00+00:00,SPY,523.96,546.34,522.95,543.14,18554798.0
2025-04-10 15:30:00+00:00,SPY,532.14,533.5,509.32,519.35,15526678.0
2025-04-10 19:30:00+00:00,SPY,519.3,529.71,518.205,524.66,10794061.0
2025-04-11 15:30:00+00:00,SPY,523.01,533.07,520.07,529.85,6776520.0
2025-04-11 19:30:00+00:00,SPY,529.84,536.47,528.86,534.03,5674290.0
2025-04-14 15:30:00+00:00,SPY,544.05,544.3,533.86,537.44,6865642.0
2025-04-14 19:30:00+00:00,SPY,537.3,542.57,536.49,538.98,3505759.0
2025-04-15 15:30:00+00:00,SPY,539.67,543.24,537.37,537.77,4285865.0
2025-04-15 19:30:00+00:00,SPY,537.77,539.28,536.81,537.72,2935764.0
2025-04-16 15:30:00+00:00,SPY,531.62,535.1,529.67,531.53,3525413.0
2025-04-16 19:30:00+00:00,SPY,531.55,531.63,520.29,525.73,5944733.0
2025-04-17 15:30:00+00:00,SPY,527.64,530.39,523.92,527.68,4683580.0
2025-04-17 19:30:00+00:00,SPY,527.69,531.16,525.72,526.4,3162791.0
2025-04-21 15:30:00+00:00,SPY,521.16,521.69,509.55,509.97,4350963.0
2025-04-21 19:30:00+00:00,SPY,509.93,514.87,508.46,513.97,3966162.0
2025-04-22 15:30:00+00:00,SPY,520.12,529.56,519.19,522.59,6101665.0
2025-04-22 19:30:00+00:00,SPY,522.57,527.5,521.78,526.94,3882869.0
2025-04-23 15:30:00+00:00,SPY,540.44,545.44,534.0,538.22,8847364.0
2025-04-23 19:30:00+00:00,SPY,538.26,538.98,533.88,535.42,4522412.0
2025-04-24 15:30:00+00:00,SPY,536.71,545.86,535.46,544.97,4308904.0
2025-04-24 19:30:00+00:00,SPY,544.98,547.39,544.28,546.55,3333031.0
2025-04-25 15:30:00+00:00,SPY,546.68,551.05,543.7,550.96,3998493.0
2025-04-25 19:30:00+00:00,SPY,550.96,550.99,546.76,550.55,3131159.0
2025-04-28 15:30:00+00:00,SPY,551.38,553.54,545.18,545.34,3379268.0
2025-04-28 19:30:00+00:00,SPY,545.36,552.27,545.02,550.94,2432268.0
2025-04-29 15:30:00+00:00,SPY,548.91,553.44,548.55,552.59,2561488.0
2025-04-29 19:30:00+00:00,SPY,552.63,555.47,552.55,554.16,2643405.0
2025-04-30 15:30:00+00:00,SPY,547.57,550.25,541.52,550.03,4278368.0
2025-04-30 19:30:00+00:00,SPY,550.01,556.51,549.12,554.33,4937493.0
2025-05-01 15:30:00+00:00,SPY,560.37,564.06,558.69,561.34,4143515.0
2025-05-01 19:30:00+00:00,SPY,561.35,562.69,557.87,558.48,2657959.0
2025-05-02 15:30:00+00:00,SPY,564.73,568.07,562.37,566.77,3433213.0
2025-05-02 19:30:00+00:00,SPY,566.8,568.37,566.02,566.62,3063331.0
2025-05-05 15:30:00+00:00,SPY,562.55,565.94,561.7,565.17,2612197.0
2025-05-05 19:30:00+00:00,SPY,565.17,566.65,563.1,563.53,1812547.0
2025-05-06 15:30:00+00:00,SPY,557.935,563.34,556.96,559.69,3065492.0
2025-05-06 19:30:00+00:00,SPY,559.68,561.4,558.31,558.81,2462314.0
2025-05-07 15:30:00+00:00,SPY,560.15,561.96,558.38,561.26,2106608.0
2025-05-07 19:30:00+00:00,SPY,561.27,563.8,556.04,561.23,4069055.0
2025-05-08 15:30:00+00:00,SPY,565.24,570.31,561.71,569.19,4120708.0
2025-05-08 19:30:00+00:00,SPY,569.2,569.39,564.54,564.91,3013146.0
2025-05-09 15:30:00+00:00,SPY,566.48,567.5,562.78,563.96,2842001.0
2025-05-09 19:30:00+00:00,SPY,563.955,565.89,563.53,564.32,1691089.0
2025-05-12 15:30:00+00:00,SPY,581.45,582.42,577.04,581.3,5717787.0
2025-05-12 19:30:00+00:00,SPY,581.31,583.0,580.8,582.88,3646760.0
2025-05-13 15:30:00+00:00,SPY,583.41,588.43,582.83,588.33,5734606.0
2025-05-13 19:30:00+00:00,SPY,588.34,589.08,586.73,586.81,3844738.0
2025-05-14 15:30:00+00:00,SPY,587.84,588.98,585.535,586.33,4711678.0
2025-05-14 19:30:00+00:00,SPY,586.32,588.21,586.24,587.55,3932725.0
2025-05-15 15:30:00+00:00,SPY,585.56,590.97,585.1,590.66,5412628.0
2025-05-15 19:30:00+00:00,SPY,590.68,590.69,588.31,590.4,4260796.0
2025-05-16 15:30:00+00:00,SPY,591.22,593.28,589.28,593.1,5272000.0
2025-05-16 19:30:00+00:00,SPY,593.11,594.5,592.58,594.29,4571021.0
2025-05-19 15:30:00+00:00,SPY,588.1,595.535,588.1,595.09,5032494.0
2025-05-19 19:30:00+00:00,SPY,595.12,595.47,593.16,594.93,4013410.0
2025-05-20 15:30:00+00:00,SPY,593.11,594.05,592.04,593.46,4474708.0
2025-05-20 19:30:00+00:00,SPY,593.46,593.53,589.6,592.82,5627036.0
2025-05-21 15:30:00+00:00,SPY,588.48,592.58,584.55,584.7,7898642.0
2025-05-21 19:30:00+00:00,SPY,584.63,587.76,581.81,582.98,7414481.0
2025-05-22 15:30:00+00:00,SPY,582.66,585.61,581.41,584.67,7436418.0
2025-05-22 19:30:00+00:00,SPY,584.68,586.62,582.58,583.04,6108794.0
2025-05-23 15:30:00+00:00,SPY,575.98,581.16,575.59,581.08,5804491.0
2025-05-23 19:30:00+00:00,SPY,581.07,581.8,578.49,579.16,3369602.0
2025-05-27 15:30:00+00:00,SPY,586.08,590.66,584.37,590.17,7904443.0
2025-05-27 19:30:00+00:00,SPY,590.18,591.31,589.88,591.06,5950517.0
2025-05-28 15:30:00+00:00,SPY,591.56,592.77,588.97,590.26,6054746.0
2025-05-28 19:30:00+00:00,SPY,590.27,590.78,586.985,587.69,5493733.0
2025-05-29 15:30:00+00:00,SPY,593.04,593.2,586.07,589.33,5414219.0
2025-05-29 19:30:00+00:00,SPY,589.35,590.67,587.61,589.99,3875811.0
2025-05-30 15:30:00+00:00,SPY,588.93,589.91,583.25,585.89,7508239.0
2025-05-30 19:30:00+00:00,SPY,585.89,591.12,585.54,589.46,6832553.0
2025-06-02 15:30:00+00:00,SPY,587.75,590.6,585.06,589.86,5123553.0
2025-06-02 19:30:00+00:00,SPY,589.85,592.79,589.51,592.63,3796312.0
2025-06-03 15:30:00+00:00,SPY,592.34,597.08,591.85,596.77,5430448.0
2025-06-03 19:30:00+00:00,SPY,596.77,596.96,594.8,596.11,5086572.0
2025-06-04 15:30:00+00:00,SPY,596.96,597.95,595.49,597.31,5496528.0
2025-06-04 19:30:00+00:00,SPY,597.31,597.93,595.89,595.9,3784009.0
2025-06-05 15:30:00+00:00,SPY,597.63,599.0,593.91,596.47,5959126.0
2025-06-05 19:30:00+00:00,SPY,596.45,596.97,591.05,593.0,5014988.0
2025-06-06 15:30:00+00:00,SPY,598.66,600.83,596.85,598.2,6729262.0
2025-06-06 19:30:00+00:00,SPY,598.21,600.64,598.21,599.04,4424513.0
2025-06-09 15:30:00+00:00,SPY,599.74,601.12,598.49,600.835,4913407.0
2025-06-09 19:30:00+00:00,SPY,600.84,601.25,599.43,599.59,3798711.0
2025-06-10 15:30:00+00:00,SPY,600.22,602.66,599.1,601.929,4687747.0
2025-06-10 19:30:00+00:00,SPY,601.92,603.47,600.125,603.03,4575990.0
2025-06-11 15:30:00+00:00,SPY,604.19,605.06,601.96,604.34,5368364.0
2025-06-11 19:30:00+00:00,SPY,604.35,604.44,599.27,601.42,5741574.0
2025-06-12 15:30:00+00:00,SPY,600.02,603.62,599.53,602.97,6551707.0
2025-06-12 19:30:00+00:00,SPY,602.965,603.72,602.39,603.69,4120794.0
2025-06-13 15:30:00+00:00,SPY,598.53,601.85,596.62,599.52,5753247.0
2025-06-13 19:30:00+00:00,SPY,599.51,600.28,595.49,596.93,5589425.0
2025-06-16 15:30:00+00:00,SPY,600.4,604.45,600.23,603.38,6362213.0
2025-06-16 19:30:00+00:00,SPY,603.39,603.71,601.64,602.715,3982850.0
2025-06-17 15:30:00+00:00,SPY,600.21,601.74,598.99,599.0,5594476.0
2025-06-17 19:30:00+00:00,SPY,598.98,599.89,596.76,597.55,6119889.0
2025-06-18 15:30:00+00:00,SPY,598.45,601.22,597.39,598.87,3226588.0
2025-06-18 19:30:00+00:00,SPY,598.81,601.0,596.47,597.46,5159817.0
2025-06-20 15:30:00+00:00,SPY,598.38,599.46,593.5,593.54,5627550.0
2025-06-20 19:30:00+00:00,SPY,593.55,595.355,592.86,594.27,4527538.0
2025-06-23 15:30:00+00:00,SPY,595.05,598.29,591.9,597.72,7836464.0
2025-06-23 19:30:00+00:00,SPY,597.73,600.54,597.73,600.07,3989150.0
2025-06-24 15:30:00+00:00,SPY,604.33,607.18,603.41,606.33,5459868.0
2025-06-24 19:30:00+00:00,SPY,606.34,607.84,606.33,606.76,3544507.0
2025-06-25 15:30:00+00:00,SPY,607.91,608.48,606.27,607.015,6203973.0
2025-06-25 19:30:00+00:00,SPY,607.03,607.37,605.54,607.08,4000028.0
2025-06-26 15:30:00+00:00,SPY,608.99,611.26,608.37,611.19,4314459.0
2025-06-26 19:30:00+00:00,SPY,611.2,612.305,611.1,611.89,4601450.0
2025-06-27 15:30:00+00:00,SPY,612.9,616.39,612.7,615.4,5320411.0
2025-06-27 19:30:00+00:00,SPY,615.4,615.58,610.83,614.85,7533359.0
2025-06-30 15:30:00+00:00,SPY,617.39,617.46,615.69,616.51,5353312.0
2025-06-30 19:30:00+00:00,SPY,616.5,619.22,615.05,617.9,7500682.0
2025-07-01 15:30:00+00:00,SPY,616.42,618.26,615.52,618.08,5969238.0
2025-07-01 19:30:00+00:00,SPY,618.08,618.83,616.7,617.545,4413038.0
2025-07-02 15:30:00+00:00,SPY,617.24,619.68,616.62,619.46,6014550.0
2025-07-02 19:30:00+00:00,SPY,619.47,620.48,619.23,620.38,4256453.0
2025-07-03 15:30:00+00:00,SPY,622.45,626.27,622.43,625.36,7096438.0
2025-07-07 15:30:00+00:00,SPY,623.35,624.03,619.25,620.19,5662538.0
2025-07-07 19:30:00+00:00,SPY,620.16,621.4,617.88,620.78,5336708.0
2025-07-08 15:30:00+00:00,SPY,621.35,622.11,619.52,620.83,4937539.0
2025-07-08 19:30:00+00:00,SPY,620.83,621.301,620.0,620.3,3487114.0
2025-07-09 15:30:00+00:00,SPY,622.77,624.72,620.92,622.33,7277279.0
2025-07-09 19:30:00+00:00,SPY,622.32,624.21,622.05,624.01,4826820.0
2025-07-10 15:30:00+00:00,SPY,624.2,626.23,623.01,626.1,5774313.0
2025-07-10 19:30:00+00:00,SPY,626.09,626.88,625.21,625.88,4213771.0
2025-07-11 15:30:00+00:00,SPY,622.74,624.63,621.53,624.45,6336950.0
2025-07-11 19:30:00+00:00,SPY,624.45,624.855,623.13,623.61,5543586.0
2025-07-14 15:30:00+00:00,SPY,623.17,624.96,621.79,624.71,6201430.0
2025-07-14 19:30:00+00:00,SPY,624.71,625.159,624.3,624.7,3616034.0
2025-07-15 15:30:00+00:00,SPY,627.5,627.87,622.95,623.86,8306078.0
2025-07-15 19:30:00+00:00,SPY,623.85,624.87,622.07,622.11,5920476.0
2025-07-16 15:30:00+00:00,SPY,623.76,624.12,618.05,623.09,14228157.0
2025-07-16 19:30:00+00:00,SPY,623.1,624.73,622.72,624.19,3760212.0
2025-07-17 15:30:00+00:00,SPY,624.4,627.5,624.18,627.02,6114996.0
2025-07-17 19:30:00+00:00,SPY,627.03,628.41,626.98,627.99,5684611.0
2025-07-18 15:30:00+00:00,SPY,629.29,629.38,626.46,626.94,5677188.0
2025-07-18 19:30:00+00:00,SPY,626.94,627.76,626.67,627.59,2935582.0
2025-07-21 15:30:00+00:00,SPY,628.77,631.54,628.68,631.39,5586400.0
2025-07-21 19:30:00+00:00,SPY,631.39,631.52,628.345,628.73,5221898.0
2025-07-22 15:30:00+00:00,SPY,629.1,629.22,626.19,629.04,6360918.0
2025-07-22 19:30:00+00:00,SPY,629.05,629.73,627.53,628.85,4390773.0
2025-07-23 15:30:00+00:00,SPY,631.55,632.79,629.73,632.11,5787203.0
2025-07-23 19:30:00+00:00,SPY,632.11,634.16,631.79,634.15,4573961.0
2025-07-24 15:30:00+00:00,SPY,634.6,635.98,633.99,635.38,6931025.0
2025-07-24 19:30:00+00:00,SPY,635.38,636.15,634.25,634.44,5781236.0
2025-07-25 15:30:00+00:00,SPY,635.06,637.13,634.84,637.04,4623801.0
2025-07-25 19:30:00+00:00,SPY,637.05,637.57,636.62,637.01,4211343.0
2025-07-28 15:30:00+00:00,SPY,637.5,638.04,636.16,636.32,5040704.0
2025-07-28 19:30:00+00:00,SPY,636.31,637.01,635.54,636.89,3594800.0
2025-07-29 15:30:00+00:00,SPY,638.35,638.67,634.69,636.18,6223009.0
2025-07-29 19:30:00+00:00,SPY,636.18,636.38,634.34,635.23,4280785.0
2025-07-30 15:30:00+00:00,SPY,635.92,636.82,635.0,636.21,3763969.0
2025-07-30 19:30:00+00:00,SPY,636.22,637.7,631.54,634.48,5509283.0
2025-07-31 15:30:00+00:00,SPY,639.47,639.85,634.42,634.84,7234693.0
2025-07-31 19:30:00+00:00,SPY,634.86,635.65,630.76,631.92,8243589.0
2025-08-01 15:30:00+00:00,SPY,626.31,626.35,619.65,620.57,11725252.0
2025-08-01 19:30:00+00:00,SPY,620.57,623.3,619.3,621.72,8729694.0
2025-08-04 15:30:00+00:00,SPY,625.67,630.52,625.58,630.29,7390430.0
2025-08-04 19:30:00+00:00,SPY,630.3,631.21,629.39,631.07,5036555.0
2025-08-05 15:30:00+00:00,SPY,631.78,632.6,627.04,629.7,7662993.0
2025-08-05 19:30:00+00:00,SPY,629.71,630.32,627.81,628.01,4315715.0
2025-08-06 15:30:00+00:00,SPY,629.05,632.98,628.14,632.29,5337723.0
2025-08-06 19:30:00+00:00,SPY,632.31,633.44,632.0,632.67,3980306.0
2025-08-07 15:30:00+00:00,SPY,636.24,636.98,630.0,630.03,6994712.0
2025-08-07 19:30:00+00:00,SPY,630.005,632.36,629.13,632.29,3398776.0
2025-08-08 15:30:00+00:00,SPY,634.06,637.36,633.74,636.39,5983483.0
2025-08-08 19:30:00+00:00,SPY,636.39,637.645,636.05,637.13,4266466.0
2025-08-11 15:30:00+00:00,SPY,637.46,638.95,636.53,637.19,5427656.0
2025-08-11 19:30:00+00:00,SPY,637.17,637.43,634.65,635.82,5469064.0
2025-08-12 15:30:00+00:00,SPY,638.29,641.99,636.79,641.54,6373941.0
2025-08-12 19:30:00+00:00,SPY,641.54,642.85,641.43,642.65,3901466.0
2025-08-13 15:30:00+00:00,SPY,644.91,646.19,642.68,643.64,6228391.0
2025-08-13 19:30:00+00:00,SPY,643.645,645.09,642.77,644.88,3567612.0
2025-08-14 15:30:00+00:00,SPY,642.79,645.54,642.34,645.01,4572517.0
2025-08-14 19:30:00+00:00,SPY,645.01,645.62,643.92,644.94,3088175.0
2025-08-15 15:30:00+00:00,SPY,645.99,646.09,642.52,644.16,5602855.0
2025-08-15 19:30:00+00:00,SPY,644.16,644.88,643.13,643.45,4224891.0
2025-08-18 15:30:00+00:00,SPY,642.86,643.93,642.17,643.16,4044307.0
2025-08-18 19:30:00+00:00,SPY,643.16,643.95,642.44,643.27,2962245.0
2025-08-19 15:30:00+00:00,SPY,643.12,644.105,638.81,639.72,7614646.0
2025-08-19 19:30:00+00:00,SPY,639.71,640.11,638.48,639.745,4589742.0
2025-08-20 15:30:00+00:00,SPY,639.4,639.66,632.94,636.55,10872260.0
2025-08-20 19:30:00+00:00,SPY,636.55,639.06,635.22,638.04,5399765.0
2025-08-21 15:30:00+00:00,SPY,636.28,637.97,633.81,634.44,3468353.0
2025-08-21 19:30:00+00:00,SPY,634.41,636.51,634.34,635.58,2519905.0
2025-08-22 15:30:00+00:00,SPY,637.755,646.5,637.25,646.15,7340449.0
2025-08-22 19:30:00+00:00,SPY,646.15,646.4,644.3,645.29,5245845.0
2025-08-25 15:30:00+00:00,SPY,644.03,645.29,643.41,644.675,4729217.0
2025-08-25 19:30:00+00:00,SPY,644.66,644.82,642.36,642.49,3320996.0
2025-08-26 15:30:00+00:00,SPY,642.2,643.59,641.56,643.5,3478845.0
2025-08-26 19:30:00+00:00,SPY,643.5,645.51,642.44,645.14,3764165.0
2025-08-27 15:30:00+00:00,SPY,644.57,646.69,644.44,646.44,3857580.0
2025-08-27 19:30:00+00:00,SPY,646.45,647.36,645.83,646.6,2649365.0
2025-08-28 15:30:00+00:00,SPY,647.24,648.4,645.35,648.12,4628838.0
2025-08-28 19:30:00+00:00,SPY,648.13,649.48,648.08,648.86,3911513.0
2025-08-29 15:30:00+00:00,SPY,647.47,647.83,643.14,643.99,6553148.0
2025-08-29 19:30:00+00:00,SPY,644.0,645.14,643.76,645.01,4991048.0
2025-09-02 15:30:00+00:00,SPY,637.53,640.14,634.92,637.63,5721172.0
2025-09-02 19:30:00+00:00,SPY,637.63,640.49,637.32,640.33,4318983.0
2025-09-03 15:30:00+00:00,SPY,642.67,644.21,641.43,642.28,6815735.0
2025-09-03 19:30:00+00:00,SPY,642.26,643.73,640.46,643.62,5204785.0
2025-09-04 15:30:00+00:00,SPY,644.42,646.97,643.5,646.86,6180932.0
2025-09-04 19:30:00+00:00,SPY,646.85,649.15,646.59,649.0,4496182.0
2025-09-05 15:30:00+00:00,SPY,651.48,652.21,643.33,645.845,7469975.0
2025-09-05 19:30:00+00:00,SPY,645.88,647.4,644.61,647.22,3885440.0
2025-09-08 15:30:00+00:00,SPY,648.63,649.84,647.75,648.495,4557893.0
2025-09-08 19:30:00+00:00,SPY,648.5,648.88,647.23,648.78,4051442.0
2025-09-09 15:30:00+00:00,SPY,648.97,649.8,647.22,649.569,4950721.0
2025-09-09 19:30:00+00:00,SPY,649.56,650.86,649.48,650.32,3459499.0
2025-09-10 15:30:00+00:00,SPY,653.63,654.55,652.11,652.29,6573862.0
2025-09-10 19:30:00+00:00,SPY,652.28,652.72,650.63,652.24,5003029.0
2025-09-11 15:30:00+00:00,SPY,654.16,657.8,653.59,657.12,6901697.0
2025-09-11 19:30:00+00:00,SPY,657.13,658.33,657.01,657.59,4667133.0
2025-09-12 15:30:00+00:00,SPY,657.6,658.48,657.14,658.1,5728716.0
2025-09-12 19:30:00+00:00,SPY,658.1,659.11,656.9,657.41,5929021.0
2025-09-15 15:30:00+00:00,SPY,659.64,661.05,659.475,659.75,6493720.0
2025-09-15 19:30:00+00:00,SPY,659.75,660.91,659.34,660.83,4692512.0
2025-09-16 15:30:00+00:00,SPY,661.47,661.78,659.2,660.26,6664310.0
2025-09-16 19:30:00+00:00,SPY,660.27,660.745,659.69,659.94,3987950.0
2025-09-17 15:30:00+00:00,SPY,660.01,660.65,658.13,658.65,4714079.0
2025-09-17 19:30:00+00:00,SPY,658.67,661.72,654.3,659.23,8151999.0
2025-09-18 15:30:00+00:00,SPY,661.88,664.89,660.27,663.32,8714229.0
2025-09-18 19:30:00+00:00,SPY,663.32,663.51,661.96,662.28,5001574.0
2025-09-19 15:30:00+00:00,SPY,662.33,662.76,660.37,662.48,6445980.0
2025-09-19 19:30:00+00:00,SPY,662.48,664.55,662.33,663.63,5551242.0
2025-09-22 15:30:00+00:00,SPY,662.19,666.54,662.17,666.51,7553237.0
2025-09-22 19:30:00+00:00,SPY,666.5,667.29,666.03,666.76,4058367.0
2025-09-23 15:30:00+00:00,SPY,666.72,667.34,663.69,663.71,7837894.0
2025-09-23 19:30:00+00:00,SPY,663.7,663.85,661.98,663.24,6658993.0
2025-09-24 15:30:00+00:00,SPY,664.51,664.61,659.67,661.38,8042413.0
2025-09-24 19:30:00+00:00,SPY,661.37,661.79,659.96,661.05,4388908.0
2025-09-25 15:30:00+00:00,SPY,657.94,659.4,655.08,657.3,9137182.0
2025-09-25 19:30:00+00:00,SPY,657.26,658.25,654.41,657.935,5099387.0
2025-09-26 15:30:00+00:00,SPY,659.51,662.38,657.88,661.62,7956433.0
2025-09-26 19:30:00+00:00,SPY,661.63,662.14,660.77,661.75,3556557.0
2025-09-29 15:30:00+00:00,SPY,664.36,665.28,662.4,662.56,7919319.0
2025-09-29 19:30:00+00:00,SPY,662.57,663.76,661.87,663.6,5814682.0
2025-09-30 15:30:00+00:00,SPY,662.91,664.05,661.61,662.13,5907454.0
2025-09-30 19:30:00+00:00,SPY,662.1,666.65,661.82,666.09,6961256.0
2025-10-01 15:30:00+00:00,SPY,663.17,668.09,663.06,667.98,10187248.0
2025-10-01 19:30:00+00:00,SPY,667.98,669.37,667.6,668.53,4958064.0
2025-10-02 15:30:00+00:00,SPY,670.45,670.57,666.78,668.51,6969303.0
2025-10-02 19:30:00+00:00,SPY,668.51,669.73,668.34,669.14,4113220.0
2025-10-03 15:30:00+00:00,SPY,669.99,672.68,669.93,670.345,7098905.0
2025-10-03 19:30:00+00:00,SPY,670.33,670.96,668.16,669.2,6165590.0
2025-10-06 15:30:00+00:00,SPY,671.63,672.32,669.45,672.07,7555251.0
2025-10-06 19:30:00+00:00,SPY,672.07,672.51,671.54,671.59,3595772.0
2025-10-07 15:30:00+00:00,SPY,672.53,673.0,667.67,668.98,11041281.0
2025-10-07 19:30:00+00:00,SPY,668.91,669.4,667.81,669.13,3198561.0
2025-10-08 15:30:00+00:00,SPY,670.24,673.09,669.42,672.9,6719465.0
2025-10-08 19:30:00+00:00,SPY,672.9,673.2,672.14,673.04,4103433.0
2025-10-09 15:30:00+00:00,SPY,673.53,673.93,669.34,669.46,7647672.0
2025-10-09 19:30:00+00:00,SPY,669.46,671.25,669.23,671.18,3928593.0
2025-10-10 15:30:00+00:00,SPY,672.15,673.96,657.75,659.78,11595747.0
2025-10-10 19:30:00+00:00,SPY,659.79,660.92,652.85,653.12,5180377.0
2025-10-13 15:30:00+00:00,SPY,660.65,665.13,659.77,663.13,12347502.0
2025-10-13 19:30:00+00:00,SPY,663.14,664.28,661.68,663.05,4605419.0
2025-10-14 15:30:00+00:00,SPY,657.17,665.63,653.17,665.34,11112376.0
2025-10-14 19:30:00+00:00,SPY,665.34,665.84,660.28,662.21,5747551.0
2025-10-15 15:30:00+00:00,SPY,666.82,670.23,658.94,660.86,10513712.0
2025-10-15 19:30:00+00:00,SPY,660.89,665.83,660.7,665.09,6070844.0
2025-10-16 15:30:00+00:00,SPY,666.84,668.71,659.33,663.49,14817287.0
2025-10-16 19:30:00+00:00,SPY,663.49,663.99,657.11,660.68,10332869.0
2025-10-17 15:30:00+00:00,SPY,659.51,663.72,658.14,661.19,11068030.0
2025-10-17 19:30:00+00:00,SPY,661.16,665.75,660.71,664.3,5111221.0
2025-10-20 15:30:00+00:00,SPY,667.3,672.02,667.27,671.61,4660162.0
2025-10-20 19:30:00+00:00,SPY,671.61,672.21,671.18,671.27,3601248.0
2025-10-21 15:30:00+00:00,SPY,671.46,672.99,669.99,671.58,6578904.0
2025-10-21 19:30:00+00:00,SPY,671.63,672.52,671.16,671.24,3249186.0
2025-10-22 15:30:00+00:00,SPY,671.99,672.0,664.01,665.42,5761078.0
2025-10-22 19:30:00+00:00,SPY,665.39,668.35,663.3,667.83,4423704.0
2025-10-23 15:30:00+00:00,SPY,668.12,671.65,667.8,671.01,4128872.0
2025-10-23 19:30:00+00:00,SPY,671.0,672.72,671.0,671.61,3487135.0
2025-10-24 15:30:00+00:00,SPY,676.48,678.45,675.65,678.07,4174832.0
2025-10-24 19:30:00+00:00,SPY,678.05,678.47,676.765,677.09,3543791.0
2025-10-27 14:30:00+00:00,SPY,682.73,683.88,682.11,683.43,5143084.0
2025-10-27 18:30:00+00:00,SPY,683.435,685.54,683.31,685.2,3954316.0
2025-10-28 14:30:00+00:00,SPY,687.08,688.32,684.83,687.01,4164688.0
2025-10-28 18:30:00+00:00,SPY,687.02,688.9,686.875,686.97,3554093.0
2025-10-29 14:30:00+00:00,SPY,688.72,689.7,687.57,687.92,6869155.0
2025-10-29 18:30:00+00:00,SPY,687.92,688.91,682.86,687.3,4921609.0
2025-10-30 14:30:00+00:00,SPY,683.91,685.94,681.39,684.4,5913993.0
2025-10-30 18:30:00+00:00,SPY,684.4,684.64,679.86,679.9,4708095.0
2025-10-31 14:30:00+00:00,SPY,685.03,685.08,679.25,679.79,5575898.0
2025-10-31 18:30:00+00:00,SPY,679.8,684.78,679.42,681.99,5371514.0
2025-11-03 15:30:00+00:00,SPY,685.67,685.8,679.94,683.63,4247925.0
2025-11-03 19:30:00+00:00,SPY,683.63,684.23,682.45,683.38,3239483.0
2025-11-04 15:30:00+00:00,SPY,676.11,679.96,674.68,675.27,5038573.0
2025-11-04 19:30:00+00:00,SPY,675.255,676.68,674.58,675.31,4335155.0
2025-11-05 15:30:00+00:00,SPY,674.98,680.85,674.17,680.41,5045461.0
2025-11-05 19:30:00+00:00,SPY,680.4,680.86,677.4,677.52,4325172.0
2025-11-06 15:30:00+00:00,SPY,676.47,677.38,668.72,670.95,6789364.0
2025-11-06 19:30:00+00:00,SPY,670.94,673.7,669.53,670.24,5169555.0
2025-11-07 15:30:00+00:00,SPY,667.91,667.93,661.215,665.32,7876498.0
2025-11-07 19:30:00+00:00,SPY,665.3,671.08,664.23,670.89,5033674.0
2025-11-10 15:30:00+00:00,SPY,677.235,680.05,675.03,679.48,5728286.0
2025-11-10 19:30:00+00:00,SPY,679.48,682.18,679.48,681.31,4344318.0
2025-11-11 15:30:00+00:00,SPY,679.94,683.23,678.73,682.9,4156099.0
2025-11-11 19:30:00+00:00,SPY,682.91,683.56,682.16,682.87,3997245.0
2025-11-12 15:30:00+00:00,SPY,684.78,684.96,680.95,683.5,4301151.0
2025-11-12 19:30:00+00:00,SPY,683.5,684.14,682.1,683.29,3872059.0
2025-11-13 15:30:00+00:00,SPY,680.5,680.855,672.595,672.83,6767148.0
2025-11-13 19:30:00+00:00,SPY,672.795,673.62,670.52,672.07,5550711.0
2025-11-14 15:30:00+00:00,SPY,665.38,675.65,663.27,673.12,7905945.0
2025-11-14 19:30:00+00:00,SPY,673.11,675.12,671.17,671.95,4745793.0
2025-11-17 15:30:00+00:00,SPY,669.7,673.71,667.78,668.71,4916313.0
2025-11-17 19:30:00+00:00,SPY,668.69,669.9,662.18,665.68,6397373.0
2025-11-18 15:30:00+00:00,SPY,662.095,664.43,655.86,663.3,10522390.0
2025-11-18 19:30:00+00:00,SPY,663.37,665.12,660.01,660.14,6200114.0
2025-11-19 15:30:00+00:00,SPY,660.78,667.34,658.75,661.02,8574928.0
2025-11-19 19:30:00+00:00,SPY,661.01,664.75,659.33,662.67,5755495.0
2025-11-20 15:30:00+00:00,SPY,672.92,675.56,655.45,659.55,16235645.0
2025-11-20 19:30:00+00:00,SPY,659.49,660.0,651.89,652.51,7921781.0
2025-11-21 15:30:00+00:00,SPY,655.05,661.51,650.85,658.36,6502539.0
2025-11-21 19:30:00+00:00,SPY,658.29,664.53,658.0,659.05,4551022.0
2025-11-24 15:30:00+00:00,SPY,662.66,669.75,661.59,669.18,4290033.0
2025-11-24 19:30:00+00:00,SPY,669.18,670.06,667.861,668.81,3823402.0
2025-11-25 15:30:00+00:00,SPY,668.62,674.37,664.48,674.01,5541916.0
2025-11-25 19:30:00+00:00,SPY,674.03,676.21,672.44,675.0,4162642.0
2025-11-26 15:30:00+00:00,SPY,677.63,681.7,676.74,681.115,4831545.0
2025-11-26 19:30:00+00:00,SPY,681.13,682.13,679.59,679.63,4862599.0
2025-11-28 15:30:00+00:00,SPY,680.86,683.66,680.5,683.34,4903363.0
2025-12-01 15:30:00+00:00,SPY,678.81,682.8,678.74,682.45,3463732.0
2025-12-01 19:30:00+00:00,SPY,682.49,682.99,679.38,680.27,3775403.0
2025-12-02 15:30:00+00:00,SPY,681.92,683.82,679.33,681.04,4145722.0
2025-12-02 19:30:00+00:00,SPY,681.02,682.87,680.24,681.46,3015587.0
2025-12-03 15:30:00+00:00,SPY,680.57,684.18,679.68,683.92,3789398.0
2025-12-03 19:30:00+00:00,SPY,683.96,684.9,683.55,683.8,3347267.0
2025-12-04 15:30:00+00:00,SPY,685.3,685.35,682.17,684.68,3836586.0
2025-12-04 19:30:00+00:00,SPY,684.67,684.74,681.35,684.4,3511675.0
2025-12-05 15:30:00+00:00,SPY,685.47,688.39,684.57,686.57,5170494.0
2025-12-05 19:30:00+00:00,SPY,686.58,686.97,684.6,685.65,3161124.0
2025-12-08 15:30:00+00:00,SPY,686.59,686.64,682.19,682.83,3478958.0
2025-12-08 19:30:00+00:00,SPY,682.81,683.76,681.57,683.64,3046944.0
2025-12-09 15:30:00+00:00,SPY,683.16,685.38,682.82,684.23,3444887.0
2025-12-09 19:30:00+00:00,SPY,684.23,684.341,682.61,683.04,3499857.0
2025-12-10 15:30:00+00:00,SPY,682.56,684.21,681.31,682.89,4436396.0
2025-12-10 19:30:00+00:00,SPY,682.88,690.05,682.45,687.56,6427428.0
2025-12-11 15:30:00+00:00,SPY,685.14,688.18,682.17,687.61,5999537.0
2025-12-11 19:30:00+00:00,SPY,687.58,689.25,687.31,689.15,4864864.0
2025-12-12 15:30:00+00:00,SPY,688.17,688.88,679.18,683.88,6547913.0
2025-12-12 19:30:00+00:00,SPY,683.79,683.9,680.07,681.74,4591066.0
2025-12-15 15:30:00+00:00,SPY,685.72,685.76,679.25,680.0,5643641.0
2025-12-15 19:30:00+00:00,SPY,679.97,681.77,679.63,680.69,4022007.0
2025-12-16 15:30:00+00:00,SPY,679.22,681.08,674.98,675.59,4973347.0
2025-12-16 19:30:00+00:00,SPY,675.6,680.56,675.58,678.86,5114221.0
2025-12-17 15:30:00+00:00,SPY,679.88,680.42,672.99,673.37,6429914.0
2025-12-17 19:30:00+00:00,SPY,673.37,673.62,671.2,671.3,5679956.0
2025-12-18 15:30:00+00:00,SPY,677.6,680.74,674.9,678.83,7988992.0
2025-12-18 19:30:00+00:00,SPY,678.87,679.69,675.32,676.47,5913213.0
2025-12-19 15:30:00+00:00,SPY,676.59,681.09,676.47,680.76,5963541.0
2025-12-19 19:30:00+00:00,SPY,680.77,681.0,679.62,680.58,4567655.0
2025-12-22 15:30:00+00:00,SPY,683.94,685.36,682.69,684.72,4730120.0
2025-12-22 19:30:00+00:00,SPY,684.71,685.14,684.21,684.8,3228714.0
2025-12-23 15:30:00+00:00,SPY,683.92,687.72,683.87,687.55,4355048.0
2025-12-23 19:30:00+00:00,SPY,687.56,688.2,687.5,687.925,3432027.0
2025-12-24 15:30:00+00:00,SPY,687.93,690.825,687.8,690.28,4868268.0
2025-12-26 15:30:00+00:00,SPY,690.63,691.65,689.27,689.7,3605908.0
2025-12-26 19:30:00+00:00,SPY,689.69,690.5,689.65,690.23,2225146.0
2025-12-29 15:30:00+00:00,SPY,687.54,689.2,686.07,687.34,3602461.0
2025-12-29 19:30:00+00:00,SPY,687.33,688.61,686.87,687.83,3727614.0
2025-12-30 15:30:00+00:00,SPY,687.45,688.55,686.58,687.76,2763978.0
2025-12-30 19:30:00+00:00,SPY,687.76,687.94,686.705,686.92,2145520.0
